Title,Category
Greenwich,Food
bought milk tea from GrabFood,Food
paid Mang Inasal milk tea,Food
monthly McDo payment,Food
Mang Inasal,Food
adobo at GrabFood,Food
paid Greenwich coffee,Food
McDo expense,Food
paid McDo dinner,Food
McDonald's expense,Food
Chowking today,Food
merienda at Mang Inasal,Food
adobo,Food
paid Puregold sinigang,Food
Chowking,Food
ulam in davao,Food
sinigang in davao,Food
milk tea in davao,Food
breakfast at SM Supermarket,Food
McDo,Food
lunch,Food
grocery in davao,Food
lunch,Food
adobo,Food
dinner,Food
monthly Jollibee payment,Food
Puregold,Food
merienda in davao,Food
adobo at Jollibee,Food
McDonald's today,Food
milk tea in davao,Food
Jollibee,Food
Mang Inasal today,Food
monthly SM Supermarket payment,Food
McDonald's,Food
ulam in davao,Food
GrabFood expense,Food
SM Supermarket today,Food
bought ulam from Jollibee,Food
monthly GrabFood payment,Food
Puregold,Food
paid GrabFood burger meal,Food
McDonald's breakfast,Food
monthly Jollibee payment,Food
Jollibee today,Food
coffee,Food
bought pizza from McDonald's,Food
adobo at SM Supermarket,Food
paid Starbucks grocery,Food
paid McDonald's ulam,Food
breakfast,Food
chicken meal in davao,Food
SM Supermarket expense,Food
GrabFood today,Food
adobo,Food
sinigang,Food
monthly Starbucks payment,Food
paid Puregold adobo,Food
Greenwich today,Food
Greenwich,Food
Greenwich,Food
monthly McDonald's payment,Food
Jollibee today,Food
milk tea at Foodpanda,Food
bought chicken meal from Foodpanda,Food
GrabFood,Food
Jollibee burger meal,Food
SM Supermarket today,Food
McDo expense,Food
McDonald's today,Food
coffee at Bo's Coffee,Food
dinner at Mang Inasal,Food
monthly Puregold payment,Food
Bo's Coffee burger meal,Food
Starbucks,Food
Greenwich expense,Food
McDonald's today,Food
monthly Foodpanda payment,Food
KFC today,Food
burger meal,Food
McDonald's expense,Food
Mang Inasal today,Food
chicken meal in davao,Food
McDo expense,Food
grocery at Starbucks,Food
SM Supermarket today,Food
McDo,Food
paid Greenwich sinigang,Food
Chowking grocery,Food
Mang Inasal today,Food
sinigang,Food
Savemore expense,Food
SM Supermarket,Food
Foodpanda,Food
Puregold,Food
McDonald's,Food
paid Starbucks breakfast,Food
monthly Mang Inasal payment,Food
Greenwich today,Food
Starbucks expense,Food
Foodpanda expense,Food
grocery at Jollibee,Food
Mang Inasal today,Food
adobo,Food
dinner at Foodpanda,Food
bought adobo from Foodpanda,Food
KFC,Food
Puregold coffee,Food
paid KFC milk tea,Food
bought dinner from GrabFood,Food
Chowking today,Food
Savemore lunch,Food
adobo at Foodpanda,Food
monthly Jollibee payment,Food
merienda,Food
Greenwich expense,Food
Jollibee ulam,Food
bought chicken meal from Starbucks,Food
dinner in davao,Food
milk tea,Food
adobo,Food
KFC,Food
Foodpanda pizza,Food
coffee in davao,Food
Starbucks today,Food
merienda at McDonald's,Food
dinner in davao,Food
adobo at Puregold,Food
McDonald's coffee,Food
paid SM Supermarket chicken meal,Food
GrabFood,Food
GrabFood expense,Food
paid Bo's Coffee adobo,Food
burger meal in davao,Food
bought ulam from Mang Inasal,Food
SM Supermarket today,Food
monthly Mang Inasal payment,Food
Puregold expense,Food
Foodpanda coffee,Food
breakfast at Bo's Coffee,Food
KFC today,Food
chicken meal,Food
grocery in davao,Food
Savemore today,Food
breakfast at Chowking,Food
KFC today,Food
monthly SM Supermarket payment,Food
paid Starbucks burger meal,Food
Savemore,Food
bought merienda from McDo,Food
monthly Puregold payment,Food
merienda at McDonald's,Food
adobo at KFC,Food
monthly Starbucks payment,Food
GrabFood today,Food
SM Supermarket today,Food
lunch,Food
SM Supermarket expense,Food
dinner in davao,Food
paid Starbucks burger meal,Food
bought sinigang from Starbucks,Food
sinigang,Food
SM Supermarket,Food
paid SM Supermarket ulam,Food
McDo,Food
Bo's Coffee today,Food
Puregold ulam,Food
Greenwich merienda,Food
monthly GrabFood payment,Food
Chowking today,Food
lunch at Savemore,Food
monthly Bo's Coffee payment,Food
bought sinigang from Starbucks,Food
lunch at GrabFood,Food
Foodpanda today,Food
lunch at Foodpanda,Food
adobo,Food
McDo today,Food
Puregold today,Food
burger meal at Puregold,Food
burger meal,Food
monthly KFC payment,Food
merienda in davao,Food
monthly Puregold payment,Food
Savemore,Food
sinigang,Food
dinner,Food
milk tea,Food
Jollibee breakfast,Food
Jollibee,Food
Jollibee,Food
bought milk tea from KFC,Food
McDonald's,Food
SM Supermarket coffee,Food
bought burger meal from Greenwich,Food
Starbucks dinner,Food
Jollibee today,Food
bought breakfast from McDo,Food
monthly McDonald's payment,Food
grocery at Foodpanda,Food
bought lunch from Starbucks,Food
Starbucks expense,Food
monthly Mang Inasal payment,Food
monthly Chowking payment,Food
McDonald's,Food
adobo,Food
adobo,Food
lunch in davao,Food
breakfast at McDonald's,Food
dinner,Food
coffee,Food
bought pizza from Foodpanda,Food
monthly GrabFood payment,Food
paid Jollibee chicken meal,Food
adobo at Starbucks,Food
GrabFood,Food
monthly Savemore payment,Food
monthly SM Supermarket payment,Food
grocery at McDo,Food
bought milk tea from Chowking,Food
merienda in davao,Food
Mang Inasal expense,Food
Mang Inasal,Food
breakfast,Food
monthly Savemore payment,Food
paid Jollibee lunch,Food
Greenwich expense,Food
adobo in davao,Food
pizza at Mang Inasal,Food
bought grocery from KFC,Food
Jollibee expense,Food
GrabFood expense,Food
pizza in davao,Food
monthly McDonald's payment,Food
SM Supermarket expense,Food
Starbucks,Food
McDo today,Food
bought grocery from McDo,Food
coffee at Savemore,Food
adobo,Food
paid Jollibee breakfast,Food
SM Supermarket,Food
lunch at Greenwich,Food
monthly GrabFood payment,Food
bought burger meal from Mang Inasal,Food
paid Mang Inasal milk tea,Food
monthly McDonald's payment,Food
paid Savemore coffee,Food
monthly Puregold payment,Food
bought pizza from Greenwich,Food
Mang Inasal expense,Food
milk tea,Food
GrabFood,Food
Puregold expense,Food
Savemore expense,Food
bought merienda from Starbucks,Food
Mang Inasal expense,Food
sinigang in davao,Food
GrabFood pizza,Food
GrabFood today,Food
dinner,Food
merienda at McDonald's,Food
merienda at McDo,Food
coffee in davao,Food
Greenwich,Food
Bo's Coffee,Food
monthly Mang Inasal payment,Food
Chowking today,Food
milk tea,Food
Jollibee expense,Food
Mang Inasal today,Food
bought milk tea from Greenwich,Food
monthly SM Supermarket payment,Food
Puregold coffee,Food
bought adobo from Puregold,Food
Starbucks,Food
milk tea,Food
bought chicken meal from Chowking,Food
ulam,Food
Bo's Coffee,Food
paid GrabFood merienda,Food
Jollibee expense,Food
monthly Starbucks payment,Food
McDo,Food
lunch in davao,Food
pizza at Starbucks,Food
dinner,Food
bought lunch from Greenwich,Food
monthly SM Supermarket payment,Food
Starbucks,Food
GrabFood today,Food
lunch,Food
grocery at Savemore,Food
monthly GrabFood payment,Food
paid Mang Inasal milk tea,Food
pizza at Jollibee,Food
bought adobo from Greenwich,Food
Mang Inasal,Food
Bo's Coffee expense,Food
monthly Chowking payment,Food
Savemore,Food
breakfast at Mang Inasal,Food
monthly SM Supermarket payment,Food
pizza,Food
paid GrabFood ulam,Food
McDo,Food
Bo's Coffee expense,Food
paid Greenwich breakfast,Food
bought sinigang from Starbucks,Food
bought sinigang from Chowking,Food
milk tea,Food
Bo's Coffee breakfast,Food
Greenwich expense,Food
Bo's Coffee expense,Food
monthly GrabFood payment,Food
ulam in davao,Food
SM Supermarket,Food
bought dinner from McDo,Food
burger meal,Food
bought dinner from SM Supermarket,Food
SM Supermarket coffee,Food
chicken meal,Food
McDonald's today,Food
paid Mang Inasal pizza,Food
McDonald's today,Food
bought coffee from Jollibee,Food
bought adobo from McDo,Food
Puregold grocery,Food
monthly Chowking payment,Food
Jollibee chicken meal,Food
lunch,Food
KFC,Food
paid Bo's Coffee grocery,Food
Starbucks expense,Food
monthly Mang Inasal payment,Food
KFC today,Food
dinner at Jollibee,Food
pizza in davao,Food
paid Foodpanda breakfast,Food
Savemore merienda,Food
Chowking expense,Food
breakfast in davao,Food
Jollibee today,Food
lunch in davao,Food
Starbucks,Food
monthly Foodpanda payment,Food
paid GrabFood breakfast,Food
Foodpanda lunch,Food
dinner,Food
dinner,Food
paid Bo's Coffee ulam,Food
grocery at McDo,Food
ulam,Food
monthly Savemore payment,Food
Foodpanda today,Food
milk tea,Food
McDonald's today,Food
ulam,Food
McDo milk tea,Food
McDonald's,Food
McDonald's expense,Food
monthly GrabFood payment,Food
Foodpanda breakfast,Food
Chowking today,Food
McDo expense,Food
bought coffee from Puregold,Food
merienda at SM Supermarket,Food
Mang Inasal today,Food
pizza in davao,Food
Mang Inasal today,Food
pizza,Food
KFC,Food
Savemore,Food
dinner in davao,Food
Chowking pizza,Food
lunch at Jollibee,Food
McDonald's,Food
ulam in davao,Food
merienda at McDonald's,Food
Foodpanda ulam,Food
Greenwich today,Food
Mang Inasal expense,Food
bought adobo from Greenwich,Food
SM Supermarket grocery,Food
Foodpanda ulam,Food
Starbucks expense,Food
adobo at Jollibee,Food
burger meal,Food
McDonald's grocery,Food
monthly Puregold payment,Food
bought pizza from Savemore,Food
monthly GrabFood payment,Food
bought milk tea from Chowking,Food
bought sinigang from Greenwich,Food
coffee in davao,Food
Chowking today,Food
McDo,Food
Puregold expense,Food
Savemore expense,Food
McDonald's chicken meal,Food
merienda at McDo,Food
bought ulam from Greenwich,Food
pizza at Greenwich,Food
paid Chowking coffee,Food
paid McDonald's dinner,Food
pizza,Food
chicken meal,Food
Starbucks today,Food
McDonald's,Food
Chowking expense,Food
sinigang,Food
monthly McDonald's payment,Food
Chowking expense,Food
McDonald's expense,Food
SM Supermarket today,Food
ulam at GrabFood,Food
Puregold,Food
adobo at Starbucks,Food
paid Jollibee adobo,Food
bought sinigang from Puregold,Food
paid Mang Inasal pizza,Food
chicken meal,Food
bought lunch from Starbucks,Food
GrabFood expense,Food
McDo today,Food
Greenwich sinigang,Food
bought breakfast from GrabFood,Food
SM Supermarket today,Food
monthly Greenwich payment,Food
milk tea at Bo's Coffee,Food
grocery at Savemore,Food
sinigang,Food
monthly Savemore payment,Food
grocery,Food
McDo,Food
lunch,Food
KFC,Food
lunch at McDo,Food
monthly Bo's Coffee payment,Food
lunch in davao,Food
chicken meal in davao,Food
Jollibee today,Food
Savemore expense,Food
paid SM Supermarket ulam,Food
Starbucks today,Food
KFC burger meal,Food
Jollibee today,Food
Chowking,Food
paid Chowking lunch,Food
McDonald's today,Food
bought ulam from KFC,Food
Chowking expense,Food
Chowking today,Food
paid Chowking coffee,Food
burger meal in davao,Food
Bo's Coffee,Food
adobo,Food
Jollibee coffee,Food
Puregold today,Food
ulam at KFC,Food
bought grocery from Jollibee,Food
coffee,Food
lunch in davao,Food
breakfast at Starbucks,Food
dinner in davao,Food
Chowking,Food
paid Savemore merienda,Food
monthly Bo's Coffee payment,Food
coffee,Food
bought breakfast from McDo,Food
burger meal at McDo,Food
coffee,Food
grocery at Savemore,Food
GrabFood today,Food
Chowking today,Food
Puregold pizza,Food
KFC,Food
milk tea,Food
milk tea in davao,Food
Greenwich today,Food
paid Jollibee adobo,Food
sinigang,Food
Puregold expense,Food
Bo's Coffee,Food
GrabFood pizza,Food
Chowking expense,Food
SM Supermarket today,Food
lunch at Chowking,Food
monthly Jollibee payment,Food
paid Chowking coffee,Food
milk tea at Starbucks,Food
paid GrabFood ulam,Food
bought coffee from Bo's Coffee,Food
KFC expense,Food
paid McDo burger meal,Food
monthly McDo payment,Food
breakfast,Food
adobo at Greenwich,Food
chicken meal,Food
ulam,Food
Bo's Coffee today,Food
Savemore,Food
Chowking expense,Food
paid SM Supermarket breakfast,Food
McDo today,Food
bought ulam from McDonald's,Food
Jollibee today,Food
milk tea at Savemore,Food
paid Mang Inasal adobo,Food
paid Bo's Coffee grocery,Food
Foodpanda expense,Food
bought milk tea from Savemore,Food
bought sinigang from SM Supermarket,Food
bought adobo from GrabFood,Food
McDonald's dinner,Food
lunch,Food
KFC,Food
Puregold burger meal,Food
Puregold,Food
monthly Greenwich payment,Food
Puregold today,Food
Puregold pizza,Food
SM Supermarket today,Food
Jollibee,Food
monthly SM Supermarket payment,Food
Savemore today,Food
paid Savemore chicken meal,Food
Bo's Coffee,Food
monthly Starbucks payment,Food
sinigang at Starbucks,Food
Bo's Coffee today,Food
merienda,Food
adobo in davao,Food
bought milk tea from Mang Inasal,Food
monthly Savemore payment,Food
monthly GrabFood payment,Food
bought burger meal from Savemore,Food
paid Bo's Coffee burger meal,Food
SM Supermarket expense,Food
McDo today,Food
bought sinigang from KFC,Food
Bo's Coffee expense,Food
coffee in davao,Food
Mang Inasal today,Food
Puregold merienda,Food
burger meal at Bo's Coffee,Food
McDo sinigang,Food
sinigang at Puregold,Food
KFC,Food
Chowking,Food
SM Supermarket expense,Food
Foodpanda,Food
Foodpanda,Food
bought merienda from Greenwich,Food
Bo's Coffee dinner,Food
ulam at Greenwich,Food
McDonald's ulam,Food
pizza in davao,Food
Puregold today,Food
Chowking expense,Food
paid Savemore merienda,Food
Greenwich expense,Food
bought chicken meal from Greenwich,Food
monthly Puregold payment,Food
bought dinner from McDo,Food
Greenwich chicken meal,Food
dinner in davao,Food
SM Supermarket lunch,Food
bought burger meal from Puregold,Food
monthly KFC payment,Food
bought sinigang from McDonald's,Food
Starbucks,Food
SM Supermarket,Food
monthly Savemore payment,Food
Jollibee merienda,Food
merienda,Food
Bo's Coffee sinigang,Food
GrabFood expense,Food
Bo's Coffee today,Food
Mang Inasal milk tea,Food
paid McDonald's milk tea,Food
Greenwich,Food
adobo in davao,Food
Starbucks expense,Food
adobo in davao,Food
paid GrabFood dinner,Food
Mang Inasal,Food
grocery at McDo,Food
monthly Chowking payment,Food
paid Foodpanda chicken meal,Food
paid Foodpanda milk tea,Food
McDonald's coffee,Food
paid Savemore milk tea,Food
breakfast,Food
Jollibee lunch,Food
monthly McDonald's payment,Food
bought pizza from Foodpanda,Food
SM Supermarket,Food
Starbucks today,Food
grocery,Food
breakfast at Savemore,Food
Savemore sinigang,Food
GrabFood expense,Food
pizza in davao,Food
McDonald's,Food
monthly Foodpanda payment,Food
monthly Starbucks payment,Food
monthly SM Supermarket payment,Food
KFC today,Food
Savemore expense,Food
Mang Inasal expense,Food
milk tea,Food
lunch at Puregold,Food
Starbucks today,Food
merienda in davao,Food
Mang Inasal sinigang,Food
bought lunch from Puregold,Food
merienda in davao,Food
SM Supermarket coffee,Food
grocery in davao,Food
grocery in davao,Food
Foodpanda today,Food
bought burger meal from KFC,Food
paid Savemore breakfast,Food
McDo today,Food
Mang Inasal coffee,Food
lunch in davao,Food
KFC adobo,Food
coffee at Bo's Coffee,Food
Savemore expense,Food
monthly Savemore payment,Food
monthly Bo's Coffee payment,Food
monthly KFC payment,Food
SM Supermarket expense,Food
paid Starbucks sinigang,Food
grocery,Food
Jollibee expense,Food
burger meal at Foodpanda,Food
Bo's Coffee today,Food
Greenwich milk tea,Food
Greenwich,Food
GrabFood,Food
Foodpanda,Food
monthly McDonald's payment,Food
paid Foodpanda grocery,Food
monthly Puregold payment,Food
paid Mang Inasal breakfast,Food
SM Supermarket expense,Food
Greenwich today,Food
milk tea at Greenwich,Food
monthly Savemore payment,Food
grocery,Food
monthly GrabFood payment,Food
merienda at Mang Inasal,Food
paid Greenwich burger meal,Food
burger meal,Food
dinner in davao,Food
paid KFC ulam,Food
Chowking grocery,Food
bought milk tea from McDo,Food
coffee at Starbucks,Food
ulam,Food
Chowking expense,Food
chicken meal at Puregold,Food
bought grocery from Puregold,Food
grocery in davao,Food
monthly Jollibee payment,Food
monthly McDonald's payment,Food
sinigang in davao,Food
monthly McDonald's payment,Food
ulam at Puregold,Food
bought pizza from Savemore,Food
Chowking,Food
dinner,Food
paid Bo's Coffee lunch,Food
breakfast in davao,Food
paid McDonald's chicken meal,Food
Chowking today,Food
ulam,Food
lunch at Foodpanda,Food
merienda at McDonald's,Food
coffee,Food
bought chicken meal from Jollibee,Food
KFC expense,Food
Jollibee expense,Food
Jollibee adobo,Food
coffee in davao,Food
Savemore burger meal,Food
Savemore expense,Food
coffee in davao,Food
Savemore,Food
Starbucks,Food
Starbucks dinner,Food
McDo ulam,Food
Chowking today,Food
Chowking dinner,Food
sinigang,Food
coffee at Starbucks,Food
monthly Savemore payment,Food
monthly Puregold payment,Food
bought milk tea from GrabFood,Food
merienda at Savemore,Food
paid Chowking grocery,Food
Chowking,Food
Foodpanda today,Food
McDo,Food
dinner at Greenwich,Food
burger meal in davao,Food
sinigang in davao,Food
Puregold today,Food
burger meal,Food
pizza,Food
Greenwich burger meal,Food
KFC,Food
monthly Jollibee payment,Food
bought chicken meal from Greenwich,Food
Chowking today,Food
bought coffee from Greenwich,Food
paid Bo's Coffee coffee,Food
monthly Puregold payment,Food
dinner,Food
monthly Bo's Coffee payment,Food
monthly McDonald's payment,Food
Jollibee today,Food
milk tea at Bo's Coffee,Food
monthly McDonald's payment,Food
monthly Savemore payment,Food
paid Chowking milk tea,Food
paid Starbucks grocery,Food
pizza at Jollibee,Food
merienda,Food
merienda in davao,Food
Starbucks today,Food
bought dinner from Puregold,Food
monthly Mang Inasal payment,Food
sinigang in davao,Food
Puregold expense,Food
monthly McDo payment,Food
milk tea,Food
Greenwich,Food
monthly Puregold payment,Food
bought pizza from SM Supermarket,Food
milk tea at KFC,Food
paid Savemore pizza,Food
Bo's Coffee today,Food
Chowking,Food
bought burger meal from McDonald's,Food
McDo expense,Food
GrabFood expense,Food
pizza at Bo's Coffee,Food
Bo's Coffee,Food
Puregold today,Food
burger meal at Greenwich,Food
sinigang in davao,Food
bought chicken meal from Jollibee,Food
Chowking today,Food
Bo's Coffee today,Food
Foodpanda,Food
pizza,Food
sinigang at Jollibee,Food
paid GrabFood coffee,Food
Greenwich,Food
Mang Inasal expense,Food
monthly McDo payment,Food
SM Supermarket expense,Food
Foodpanda today,Food
chicken meal,Food
chicken meal at Mang Inasal,Food
McDo,Food
ulam at Foodpanda,Food
Greenwich expense,Food
merienda at Chowking,Food
paid Chowking adobo,Food
Mang Inasal sinigang,Food
sinigang,Food
paid Bo's Coffee chicken meal,Food
burger meal in davao,Food
McDo,Food
milk tea,Food
breakfast in davao,Food
dinner at Starbucks,Food
McDonald's coffee,Food
bought adobo from GrabFood,Food
coffee at McDo,Food
paid McDonald's adobo,Food
Puregold,Food
Bo's Coffee,Food
bought breakfast from Jollibee,Food
bought pizza from GrabFood,Food
monthly Savemore payment,Food
dinner,Food
KFC expense,Food
dinner,Food
pizza in davao,Food
chicken meal in davao,Food
Jollibee expense,Food
paid McDonald's grocery,Food
bought burger meal from KFC,Food
paid Jollibee adobo,Food
ulam,Food
Puregold chicken meal,Food
Bo's Coffee today,Food
paid SM Supermarket merienda,Food
burger meal at Bo's Coffee,Food
McDonald's chicken meal,Food
coffee,Food
sinigang,Food
merienda at Puregold,Food
McDonald's today,Food
chicken meal,Food
McDo adobo,Food
Jollibee expense,Food
bought pizza from Bo's Coffee,Food
chicken meal,Food
paid GrabFood dinner,Food
ulam at Chowking,Food
paid McDo coffee,Food
Chowking coffee,Food
Savemore,Food
Mang Inasal coffee,Food
SM Supermarket expense,Food
ulam,Food
monthly Foodpanda payment,Food
bought dinner from Bo's Coffee,Food
ulam at Savemore,Food
paid Puregold burger meal,Food
monthly Jollibee payment,Food
Puregold expense,Food
bought pizza from Puregold,Food
monthly Savemore payment,Food
merienda in davao,Food
paid Savemore grocery,Food
Starbucks ulam,Food
McDonald's,Food
paid Savemore dinner,Food
paid Mang Inasal breakfast,Food
Foodpanda today,Food
paid Foodpanda coffee,Food
ulam in davao,Food
pizza in davao,Food
pizza in davao,Food
paid SM Supermarket lunch,Food
bought coffee from Mang Inasal,Food
Puregold,Food
McDo today,Food
KFC dinner,Food
Starbucks expense,Food
McDonald's sinigang,Food
paid Mang Inasal burger meal,Food
merienda in davao,Food
lunch in davao,Food
GrabFood pizza,Food
sinigang at Foodpanda,Food
Foodpanda adobo,Food
ulam in davao,Food
ulam,Food
Jollibee,Food
SM Supermarket,Food
merienda in davao,Food
Bo's Coffee dinner,Food
Savemore breakfast,Food
lunch in davao,Food
ulam,Food
lunch in davao,Food
ulam,Food
breakfast in davao,Food
paid McDo sinigang,Food
Bo's Coffee,Food
Savemore,Food
monthly SM Supermarket payment,Food
bought adobo from Foodpanda,Food
lunch at McDo,Food
Puregold,Food
paid GrabFood sinigang,Food
monthly McDo payment,Food
McDonald's coffee,Food
Mang Inasal dinner,Food
merienda,Food
dinner in davao,Food
GrabFood today,Food
breakfast,Food
Savemore coffee,Food
ulam in davao,Food
bought coffee from Greenwich,Food
chicken meal at GrabFood,Food
Greenwich expense,Food
paid Savemore chicken meal,Food
Bo's Coffee expense,Food
Chowking expense,Food
ulam in davao,Food
paid Greenwich milk tea,Food
adobo,Food
milk tea in davao,Food
pizza,Food
ulam in davao,Food
ulam at KFC,Food
SM Supermarket expense,Food
Greenwich grocery,Food
monthly GrabFood payment,Food
Greenwich grocery,Food
ulam in davao,Food
burger meal,Food
Greenwich dinner,Food
coffee at Starbucks,Food
lunch at Mang Inasal,Food
monthly KFC payment,Food
McDo today,Food
Mang Inasal today,Food
bought adobo from Chowking,Food
monthly McDo payment,Food
Foodpanda,Food
Jollibee coffee,Food
merienda in davao,Food
coffee,Food
Savemore pizza,Food
Starbucks expense,Food
McDo today,Food
Chowking expense,Food
burger meal,Food
SM Supermarket today,Food
milk tea at Foodpanda,Food
GrabFood,Food
KFC today,Food
McDonald's ulam,Food
milk tea at Starbucks,Food
bought grocery from SM Supermarket,Food
Foodpanda sinigang,Food
bought coffee from Bo's Coffee,Food
paid McDonald's milk tea,Food
paid GrabFood dinner,Food
monthly Greenwich payment,Food
paid SM Supermarket burger meal,Food
milk tea in davao,Food
Mang Inasal expense,Food
grocery,Food
sinigang,Food
bought burger meal from SM Supermarket,Food
monthly GrabFood payment,Food
milk tea,Food
breakfast,Food
Starbucks expense,Food
Puregold expense,Food
Chowking,Food
monthly Savemore payment,Food
Mang Inasal today,Food
bought milk tea from Bo's Coffee,Food
KFC ulam,Food
KFC expense,Food
grocery in davao,Food
KFC,Food
Chowking,Food
coffee at Foodpanda,Food
monthly KFC payment,Food
monthly KFC payment,Food
Greenwich expense,Food
McDonald's today,Food
bought lunch from Bo's Coffee,Food
bought merienda from Puregold,Food
lunch in davao,Food
Savemore ulam,Food
GrabFood expense,Food
chicken meal at SM Supermarket,Food
KFC pizza,Food
ulam,Food
paid Chowking grocery,Food
Jollibee today,Food
Mang Inasal today,Food
paid Starbucks lunch,Food
lunch at Starbucks,Food
Bo's Coffee pizza,Food
Jollibee expense,Food
Starbucks sinigang,Food
Mang Inasal expense,Food
lunch at SM Supermarket,Food
burger meal in davao,Food
milk tea at Starbucks,Food
pizza at McDonald's,Food
paid Foodpanda milk tea,Food
monthly Savemore payment,Food
adobo in davao,Food
bought milk tea from McDonald's,Food
dinner,Food
paid Starbucks breakfast,Food
pizza,Food
milk tea in davao,Food
Savemore today,Food
bought chicken meal from McDo,Food
lunch at McDonald's,Food
Foodpanda,Food
merienda,Food
Jollibee today,Food
monthly Chowking payment,Food
bought lunch from McDo,Food
paid Puregold sinigang,Food
paid Puregold sinigang,Food
McDo expense,Food
monthly GrabFood payment,Food
paid Chowking grocery,Food
burger meal in davao,Food
McDo expense,Food
GrabFood expense,Food
ulam in davao,Food
lunch,Food
bought chicken meal from McDo,Food
bought grocery from Mang Inasal,Food
monthly Chowking payment,Food
Greenwich lunch,Food
Starbucks today,Food
bought ulam from KFC,Food
monthly Puregold payment,Food
monthly Mang Inasal payment,Food
coffee in davao,Food
monthly Bo's Coffee payment,Food
burger meal in davao,Food
milk tea in davao,Food
pizza in davao,Food
Bo's Coffee,Food
dinner in davao,Food
SM Supermarket,Food
Foodpanda today,Food
McDo today,Food
bought lunch from Greenwich,Food
McDonald's today,Food
chicken meal at Savemore,Food
paid Puregold adobo,Food
GrabFood today,Food
grocery,Food
breakfast at GrabFood,Food
McDo today,Food
McDonald's expense,Food
Puregold dinner,Food
Starbucks today,Food
Starbucks expense,Food
monthly Chowking payment,Food
grocery,Food
Greenwich expense,Food
Bo's Coffee today,Food
Puregold coffee,Food
chicken meal,Food
chicken meal,Food
Foodpanda expense,Food
monthly Greenwich payment,Food
dinner in davao,Food
Savemore breakfast,Food
adobo in davao,Food
McDonald's pizza,Food
SM Supermarket coffee,Food
GrabFood lunch,Food
dinner at Bo's Coffee,Food
Starbucks,Food
Jollibee today,Food
paid GrabFood pizza,Food
pizza at KFC,Food
Bo's Coffee dinner,Food
monthly McDonald's payment,Food
Bo's Coffee adobo,Food
Chowking expense,Food
KFC today,Food
Mang Inasal today,Food
burger meal at Bo's Coffee,Food
pizza in davao,Food
McDo today,Food
Greenwich adobo,Food
chicken meal in davao,Food
Starbucks burger meal,Food
paid Chowking dinner,Food
burger meal in davao,Food
monthly Puregold payment,Food
ulam,Food
paid Savemore grocery,Food
Bo's Coffee expense,Food
breakfast at McDonald's,Food
paid KFC coffee,Food
monthly McDonald's payment,Food
milk tea,Food
Bo's Coffee,Food
Bo's Coffee expense,Food
chicken meal,Food
Mang Inasal today,Food
monthly Mang Inasal payment,Food
McDonald's today,Food
SM Supermarket coffee,Food
pizza in davao,Food
paid GrabFood milk tea,Food
bought chicken meal from Foodpanda,Food
milk tea,Food
Greenwich today,Food
adobo,Food
monthly Mang Inasal payment,Food
monthly Jollibee payment,Food
Starbucks merienda,Food
grocery at Chowking,Food
KFC expense,Food
monthly McDo payment,Food
paid Puregold breakfast,Food
bought pizza from KFC,Food
paid GrabFood ulam,Food
KFC today,Food
bought pizza from Jollibee,Food
Foodpanda expense,Food
Chowking today,Food
Mang Inasal today,Food
burger meal in davao,Food
paid SM Supermarket milk tea,Food
adobo in davao,Food
Jollibee today,Food
pizza in davao,Food
monthly McDo payment,Food
bought merienda from Greenwich,Food
Greenwich,Food
ulam,Food
bought lunch from McDo,Food
bought coffee from Puregold,Food
pizza in davao,Food
Greenwich pizza,Food
chicken meal in davao,Food
ulam in davao,Food
sinigang in davao,Food
pizza in davao,Food
pizza at Mang Inasal,Food
adobo at Greenwich,Food
bought sinigang from Bo's Coffee,Food
monthly McDo payment,Food
Jollibee sinigang,Food
monthly McDonald's payment,Food
grocery,Food
monthly Savemore payment,Food
dinner in davao,Food
paid Jollibee milk tea,Food
adobo in davao,Food
pizza,Food
grocery,Food
paid Foodpanda grocery,Food
paid Bo's Coffee merienda,Food
Starbucks expense,Food
grocery,Food
Savemore expense,Food
ulam at KFC,Food
sinigang at Foodpanda,Food
paid KFC breakfast,Food
merienda in davao,Food
breakfast at McDo,Food
paid Jollibee lunch,Food
coffee in davao,Food
Puregold today,Food
Mang Inasal,Food
grocery in davao,Food
GrabFood adobo,Food
paid Jollibee coffee,Food
monthly SM Supermarket payment,Food
monthly Bo's Coffee payment,Food
Mang Inasal,Food
burger meal at GrabFood,Food
monthly Foodpanda payment,Food
bought coffee from Bo's Coffee,Food
monthly KFC payment,Food
bought chicken meal from KFC,Food
McDonald's adobo,Food
burger meal in davao,Food
ulam at Jollibee,Food
Chowking adobo,Food
bought grocery from McDo,Food
SM Supermarket ulam,Food
sinigang,Food
monthly SM Supermarket payment,Food
paid KFC ulam,Food
Bo's Coffee chicken meal,Food
paid KFC milk tea,Food
KFC expense,Food
pizza at Starbucks,Food
Jollibee expense,Food
bought dinner from Savemore,Food
monthly KFC payment,Food
merienda in davao,Food
burger meal,Food
burger meal,Food
chicken meal in davao,Food
chicken meal at McDonald's,Food
bought grocery from Greenwich,Food
paid KFC lunch,Food
Puregold coffee,Food
bought ulam from SM Supermarket,Food
grocery at Puregold,Food
paid KFC sinigang,Food
paid Mang Inasal pizza,Food
adobo,Food
dinner,Food
dinner in davao,Food
dinner at SM Supermarket,Food
bought milk tea from Jollibee,Food
monthly McDo payment,Food
SM Supermarket today,Food
lunch at Puregold,Food
burger meal in davao,Food
bought breakfast from Greenwich,Food
monthly McDonald's payment,Food
KFC expense,Food
merienda in davao,Food
paid Bo's Coffee dinner,Food
Jollibee today,Food
Savemore chicken meal,Food
lunch,Food
ulam at Chowking,Food
paid GrabFood adobo,Food
burger meal in davao,Food
breakfast,Food
chicken meal at Greenwich,Food
paid KFC pizza,Food
Bo's Coffee burger meal,Food
chicken meal,Food
merienda at Chowking,Food
Chowking,Food
monthly Savemore payment,Food
monthly Starbucks payment,Food
bought milk tea from SM Supermarket,Food
Greenwich,Food
Greenwich expense,Food
McDonald's today,Food
bought milk tea from Bo's Coffee,Food
Bo's Coffee,Food
McDonald's pizza,Food
paid GrabFood pizza,Food
KFC,Food
adobo in davao,Food
KFC expense,Food
Puregold lunch,Food
monthly SM Supermarket payment,Food
monthly Puregold payment,Food
breakfast at Jollibee,Food
adobo in davao,Food
Chowking today,Food
paid KFC milk tea,Food
paid McDo chicken meal,Food
grocery in davao,Food
monthly Greenwich payment,Food
monthly Puregold payment,Food
SM Supermarket chicken meal,Food
bought adobo from Bo's Coffee,Food
pizza at Starbucks,Food
breakfast at Bo's Coffee,Food
KFC today,Food
monthly Foodpanda payment,Food
dinner at SM Supermarket,Food
monthly McDo payment,Food
Savemore expense,Food
paid Jollibee lunch,Food
paid Savemore breakfast,Food
pizza at KFC,Food
Puregold breakfast,Food
coffee at Starbucks,Food
McDo today,Food
dinner in davao,Food
Chowking,Food
grocery in davao,Food
McDonald's grocery,Food
paid KFC lunch,Food
Starbucks grocery,Food
monthly Bo's Coffee payment,Food
Jollibee,Food
breakfast at SM Supermarket,Food
grocery,Food
Jollibee expense,Food
paid McDonald's milk tea,Food
monthly Mang Inasal payment,Food
ulam,Food
McDo breakfast,Food
burger meal in davao,Food
breakfast in davao,Food
paid McDo chicken meal,Food
SM Supermarket,Food
monthly Bo's Coffee payment,Food
GrabFood today,Food
Foodpanda expense,Food
paid Mang Inasal milk tea,Food
Puregold today,Food
Savemore,Food
ulam,Food
GrabFood grocery,Food
Bo's Coffee today,Food
McDo coffee,Food
grocery in davao,Food
merienda at KFC,Food
chicken meal at Chowking,Food
grocery in davao,Food
monthly McDonald's payment,Food
Greenwich,Food
lunch in davao,Food
McDonald's,Food
Chowking,Food
McDonald's today,Food
paid GrabFood milk tea,Food
adobo at McDonald's,Food
coffee at Bo's Coffee,Food
Mang Inasal expense,Food
Foodpanda expense,Food
paid KFC burger meal,Food
Puregold expense,Food
breakfast,Food
pizza at Greenwich,Food
Puregold today,Food
McDonald's,Food
Foodpanda expense,Food
lunch at Starbucks,Food
Puregold expense,Food
Greenwich today,Food
GrabFood grocery,Food
Starbucks,Food
paid Savemore ulam,Food
Jollibee grocery,Food
milk tea,Food
merienda at Savemore,Food
Puregold expense,Food
paid Greenwich pizza,Food
KFC today,Food
GrabFood expense,Food
KFC today,Food
Savemore coffee,Food
paid Foodpanda adobo,Food
Foodpanda lunch,Food
Jollibee expense,Food
SM Supermarket expense,Food
Starbucks,Food
monthly SM Supermarket payment,Food
ulam,Food
monthly Starbucks payment,Food
lunch at Bo's Coffee,Food
chicken meal at GrabFood,Food
Greenwich today,Food
McDonald's expense,Food
Foodpanda,Food
McDonald's merienda,Food
Puregold today,Food
monthly Puregold payment,Food
Chowking chicken meal,Food
Savemore today,Food
monthly Mang Inasal payment,Food
KFC,Food
bought lunch from Mang Inasal,Food
adobo,Food
adobo,Food
monthly McDo payment,Food
KFC expense,Food
Bo's Coffee expense,Food
paid Bo's Coffee milk tea,Food
Chowking,Food
paid Foodpanda sinigang,Food
Greenwich,Food
monthly Mang Inasal payment,Food
paid Jollibee sinigang,Food
GrabFood today,Food
Foodpanda today,Food
Mang Inasal today,Food
chicken meal,Food
Puregold,Food
Bo's Coffee expense,Food
paid GrabFood grocery,Food
bought grocery from Mang Inasal,Food
pizza in davao,Food
paid Jollibee merienda,Food
monthly Chowking payment,Food
monthly Bo's Coffee payment,Food
Chowking expense,Food
McDonald's dinner,Food
paid Foodpanda merienda,Food
burger meal in davao,Food
McDonald's grocery,Food
burger meal in davao,Food
monthly SM Supermarket payment,Food
bought ulam from Foodpanda,Food
Foodpanda expense,Food
bought chicken meal from Starbucks,Food
McDonald's today,Food
sinigang in davao,Food
paid Chowking coffee,Food
Savemore grocery,Food
ulam in davao,Food
ulam,Food
Greenwich grocery,Food
Savemore today,Food
chicken meal,Food
bought lunch from Bo's Coffee,Food
bought dinner from McDo,Food
lunch at Chowking,Food
coffee,Food
adobo in davao,Food
sinigang in davao,Food
monthly Starbucks payment,Food
breakfast in davao,Food
bought merienda from Starbucks,Food
Starbucks,Food
bought lunch from Mang Inasal,Food
paid McDo ulam,Food
bought sinigang from Jollibee,Food
monthly Savemore payment,Food
grocery in davao,Food
paid Jollibee dinner,Food
monthly McDonald's payment,Food
lunch in davao,Food
monthly Bo's Coffee payment,Food
monthly Bo's Coffee payment,Food
Jollibee today,Food
paid Starbucks lunch,Food
sinigang at SM Supermarket,Food
Foodpanda,Food
bought ulam from McDonald's,Food
ulam in davao,Food
McDonald's expense,Food
bought breakfast from Starbucks,Food
monthly Chowking payment,Food
grocery at Puregold,Food
GrabFood adobo,Food
Greenwich expense,Food
GrabFood,Food
bought lunch from GrabFood,Food
merienda at McDonald's,Food
grocery at Greenwich,Food
KFC today,Food
paid Starbucks coffee,Food
bought merienda from Savemore,Food
chicken meal in davao,Food
ulam in davao,Food
coffee in davao,Food
monthly McDo payment,Food
monthly Bo's Coffee payment,Food
chicken meal in davao,Food
sinigang in davao,Food
paid Jollibee dinner,Food
sinigang,Food
Savemore,Food
Chowking,Food
Greenwich today,Food
KFC,Food
McDonald's,Food
monthly Greenwich payment,Food
Bo's Coffee,Food
paid GrabFood burger meal,Food
Starbucks chicken meal,Food
monthly Savemore payment,Food
bought burger meal from GrabFood,Food
bought pizza from Starbucks,Food
lunch in davao,Food
bought breakfast from GrabFood,Food
Puregold,Food
Foodpanda coffee,Food
Foodpanda today,Food
monthly Mang Inasal payment,Food
merienda in davao,Food
monthly Savemore payment,Food
McDo expense,Food
chicken meal,Food
monthly Chowking payment,Food
bought chicken meal from SM Supermarket,Food
breakfast,Food
dinner in davao,Food
dinner at Greenwich,Food
KFC today,Food
Greenwich,Food
merienda at KFC,Food
lunch at Starbucks,Food
paid Jollibee chicken meal,Food
monthly Savemore payment,Food
sinigang at SM Supermarket,Food
ulam at Foodpanda,Food
Greenwich expense,Food
dinner in davao,Food
monthly Starbucks payment,Food
Greenwich,Food
Greenwich,Food
McDo today,Food
dinner in davao,Food
Chowking expense,Food
KFC,Food
dinner at Savemore,Food
Chowking today,Food
paid GrabFood dinner,Food
bought pizza from Starbucks,Food
merienda in davao,Food
milk tea in davao,Food
lunch at GrabFood,Food
GrabFood burger meal,Food
paid GrabFood burger meal,Food
GrabFood sinigang,Food
Jollibee adobo,Food
GrabFood today,Food
Greenwich today,Food
Bo's Coffee expense,Food
Savemore expense,Food
Greenwich ulam,Food
lunch in davao,Food
SM Supermarket today,Food
bought merienda from Greenwich,Food
KFC expense,Food
McDonald's today,Food
monthly Starbucks payment,Food
KFC,Food
Puregold,Food
Bo's Coffee pizza,Food
adobo in davao,Food
burger meal at Foodpanda,Food
Foodpanda adobo,Food
Jollibee,Food
bought pizza from Starbucks,Food
paid McDonald's pizza,Food
Puregold today,Food
lunch in davao,Food
grocery at Bo's Coffee,Food
KFC today,Food
milk tea at Jollibee,Food
monthly McDo payment,Food
paid Foodpanda sinigang,Food
Greenwich lunch,Food
monthly SM Supermarket payment,Food
monthly Savemore payment,Food
Greenwich sinigang,Food
milk tea in davao,Food
KFC milk tea,Food
McDo grocery,Food
Chowking,Food
ulam in davao,Food
merienda in davao,Food
monthly Greenwich payment,Food
ulam,Food
monthly Chowking payment,Food
KFC,Food
bought burger meal from Starbucks,Food
KFC burger meal,Food
McDo expense,Food
McDo today,Food
grocery at Starbucks,Food
Foodpanda expense,Food
SM Supermarket,Food
bought pizza from Greenwich,Food
lunch,Food
grocery in davao,Food
Chowking today,Food
ulam in davao,Food
monthly McDonald's payment,Food
coffee,Food
bought milk tea from Greenwich,Food
merienda at KFC,Food
paid KFC breakfast,Food
adobo at GrabFood,Food
breakfast,Food
grocery at GrabFood,Food
sinigang at Greenwich,Food
bought burger meal from Savemore,Food
Jollibee,Food
Mang Inasal expense,Food
Savemore,Food
burger meal,Food
SM Supermarket today,Food
bought lunch from Foodpanda,Food
monthly Puregold payment,Food
Greenwich expense,Food
paid Savemore ulam,Food
McDo adobo,Food
bought grocery from Starbucks,Food
monthly Starbucks payment,Food
monthly Chowking payment,Food
paid Chowking dinner,Food
bought chicken meal from Starbucks,Food
coffee in davao,Food
Foodpanda,Food
milk tea at Puregold,Food
paid McDo coffee,Food
dinner at SM Supermarket,Food
burger meal at Chowking,Food
GrabFood expense,Food
grocery at McDo,Food
grocery at SM Supermarket,Food
McDo expense,Food
Greenwich grocery,Food
bought chicken meal from Savemore,Food
bought adobo from SM Supermarket,Food
paid McDonald's breakfast,Food
coffee at Mang Inasal,Food
burger meal in davao,Food
Mang Inasal ulam,Food
GrabFood expense,Food
GrabFood,Food
bought coffee from Puregold,Food
Foodpanda today,Food
Foodpanda dinner,Food
McDonald's,Food
chicken meal,Food
ulam,Food
breakfast,Food
sinigang in davao,Food
KFC,Food
coffee in davao,Food
ulam at Greenwich,Food
monthly Foodpanda payment,Food
paid SM Supermarket coffee,Food
paid Savemore breakfast,Food
burger meal,Food
monthly Chowking payment,Food
pizza,Food
Jollibee,Food
bought chicken meal from Chowking,Food
sinigang at SM Supermarket,Food
paid Foodpanda milk tea,Food
Jollibee milk tea,Food
paid Starbucks adobo,Food
milk tea,Food
bought lunch from SM Supermarket,Food
Chowking expense,Food
KFC lunch,Food
Foodpanda today,Food
Jollibee sinigang,Food
monthly Puregold payment,Food
Greenwich sinigang,Food
Chowking expense,Food
monthly GrabFood payment,Food
coffee,Food
merienda in davao,Food
adobo in davao,Food
Greenwich,Food
ulam in davao,Food
chicken meal,Food
SM Supermarket today,Food
Starbucks,Food
bought coffee from Foodpanda,Food
McDo,Food
adobo at Foodpanda,Food
milk tea,Food
SM Supermarket expense,Food
adobo,Food
Foodpanda,Food
Puregold,Food
Chowking expense,Food
McDonald's chicken meal,Food
GrabFood coffee,Food
monthly Savemore payment,Food
ulam in davao,Food
SM Supermarket,Food
McDo today,Food
merienda at Foodpanda,Food
bought sinigang from McDo,Food
burger meal,Food
monthly Mang Inasal payment,Food
Mang Inasal today,Food
bought ulam from Chowking,Food
monthly McDo payment,Food
paid Jollibee grocery,Food
bought adobo from Jollibee,Food
bought sinigang from McDonald's,Food
GrabFood expense,Food
McDonald's today,Food
KFC breakfast,Food
dinner,Food
GrabFood merienda,Food
breakfast at Greenwich,Food
SM Supermarket today,Food
Bo's Coffee today,Food
Puregold milk tea,Food
chicken meal,Food
breakfast in davao,Food
Starbucks today,Food
Foodpanda,Food
paid Greenwich lunch,Food
KFC expense,Food
dinner at KFC,Food
paid Greenwich breakfast,Food
breakfast at McDo,Food
bought merienda from GrabFood,Food
SM Supermarket today,Food
monthly Savemore payment,Food
sinigang in davao,Food
pizza,Food
Foodpanda milk tea,Food
bought milk tea from McDo,Food
SM Supermarket,Food
KFC expense,Food
SM Supermarket today,Food
McDonald's,Food
Starbucks today,Food
SM Supermarket adobo,Food
bought ulam from Foodpanda,Food
Bo's Coffee today,Food
bought sinigang from Starbucks,Food
bought merienda from Foodpanda,Food
breakfast in davao,Food
chicken meal,Food
GrabFood,Food
McDo sinigang,Food
bought grocery from Jollibee,Food
Foodpanda,Food
paid Mang Inasal lunch,Food
monthly Puregold payment,Food
Bo's Coffee expense,Food
McDonald's,Food
burger meal,Food
bought lunch from Foodpanda,Food
monthly Mang Inasal payment,Food
bought grocery from McDonald's,Food
paid Mang Inasal chicken meal,Food
adobo at Puregold,Food
grocery,Food
chicken meal at Jollibee,Food
breakfast,Food
grocery in davao,Food
Mang Inasal lunch,Food
monthly Starbucks payment,Food
grocery,Food
monthly Savemore payment,Food
Foodpanda expense,Food
ulam in davao,Food
grocery,Food
breakfast in davao,Food
Savemore expense,Food
lunch,Food
SM Supermarket,Food
McDo expense,Food
grocery in davao,Food
milk tea in davao,Food
Starbucks pizza,Food
Foodpanda today,Food
monthly Jollibee payment,Food
paid Starbucks ulam,Food
Foodpanda coffee,Food
paid GrabFood merienda,Food
bought lunch from Foodpanda,Food
Jollibee,Food
grocery in davao,Food
Jollibee burger meal,Food
milk tea at Savemore,Food
merienda at McDonald's,Food
coffee in davao,Food
paid Foodpanda pizza,Food
grocery in davao,Food
chicken meal,Food
Mang Inasal expense,Food
paid Foodpanda coffee,Food
bought sinigang from GrabFood,Food
sinigang,Food
sinigang,Food
Savemore,Food
McDo,Food
monthly Puregold payment,Food
McDonald's lunch,Food
paid Mang Inasal sinigang,Food
pizza in davao,Food
paid Greenwich dinner,Food
merienda in davao,Food
adobo in davao,Food
Greenwich pizza,Food
GrabFood merienda,Food
GrabFood dinner,Food
monthly KFC payment,Food
Mang Inasal ulam,Food
burger meal at McDo,Food
burger meal,Food
Greenwich adobo,Food
ulam in davao,Food
paid Savemore sinigang,Food
paid Puregold lunch,Food
lunch in davao,Food
sinigang at McDonald's,Food
Mang Inasal,Food
monthly Puregold payment,Food
Starbucks expense,Food
paid Puregold chicken meal,Food
GrabFood today,Food
monthly Starbucks payment,Food
bought burger meal from GrabFood,Food
KFC merienda,Food
bought lunch from Jollibee,Food
Bo's Coffee today,Food
monthly Mang Inasal payment,Food
KFC,Food
Mang Inasal merienda,Food
Foodpanda pizza,Food
Jollibee today,Food
adobo in davao,Food
bought dinner from Chowking,Food
Bo's Coffee expense,Food
paid KFC ulam,Food
dinner at Foodpanda,Food
breakfast,Food
monthly Savemore payment,Food
adobo at Foodpanda,Food
paid Mang Inasal milk tea,Food
Puregold lunch,Food
Puregold expense,Food
dinner at Greenwich,Food
Starbucks,Food
burger meal at GrabFood,Food
grocery in davao,Food
Starbucks today,Food
bought chicken meal from KFC,Food
McDo expense,Food
pizza,Food
McDo expense,Food
Bo's Coffee today,Food
milk tea in davao,Food
McDonald's adobo,Food
breakfast in davao,Food
Jollibee lunch,Food
Savemore,Food
bought grocery from McDo,Food
Mercury Drug today,Health
vitamins in davao,Health
paid Southstar Drug laboratory test,Health
medicine,Health
paid Mercury Drug gym membership,Health
monthly Maxicare payment,Health
medicine in davao,Health
Generika expense,Health
paid Medicard laboratory test,Health
Southstar Drug today,Health
Southstar Drug checkup,Health
gym membership,Health
gym membership,Health
medicine in davao,Health
paid Medicard doctor consultation,Health
Generika today,Health
Anytime Fitness today,Health
bought gym membership from Southstar Drug,Health
Southstar Drug expense,Health
vitamins in davao,Health
Medicard checkup,Health
Mercury Drug expense,Health
gamot at Southstar Drug,Health
Generika laboratory test,Health
bought medicine from Southstar Drug,Health
monthly Generika payment,Health
bought doctor consultation from Generika,Health
paid Generika gym membership,Health
monthly Medicard payment,Health
medicine at Mercury Drug,Health
medicine at Southstar Drug,Health
paid Maxicare medicine,Health
medicine at Mercury Drug,Health
Generika today,Health
Maxicare expense,Health
Anytime Fitness today,Health
Anytime Fitness medicine,Health
Mercury Drug,Health
medicine in davao,Health
Medicard medicine,Health
gamot in davao,Health
bought laboratory test from Generika,Health
gym membership,Health
monthly Generika payment,Health
vitamins in davao,Health
Anytime Fitness today,Health
Generika today,Health
monthly Southstar Drug payment,Health
dental cleaning in davao,Health
bought laboratory test from Maxicare,Health
monthly Medicard payment,Health
checkup in davao,Health
dental cleaning,Health
Southstar Drug today,Health
vitamins at Medicard,Health
doctor consultation at Medicard,Health
Mercury Drug laboratory test,Health
dental cleaning in davao,Health
paid Maxicare gamot,Health
paid Medicard doctor consultation,Health
bought checkup from Southstar Drug,Health
gym membership,Health
Anytime Fitness today,Health
Maxicare medicine,Health
Mercury Drug expense,Health
paid Southstar Drug laboratory test,Health
bought gamot from Generika,Health
bought vitamins from Maxicare,Health
dental cleaning,Health
Generika expense,Health
bought vitamins from Anytime Fitness,Health
Generika laboratory test,Health
paid Medicard gym membership,Health
vitamins in davao,Health
Generika expense,Health
laboratory test in davao,Health
Generika laboratory test,Health
Medicard,Health
bought doctor consultation from Southstar Drug,Health
Medicard today,Health
Anytime Fitness gym membership,Health
medicine,Health
monthly Anytime Fitness payment,Health
Anytime Fitness,Health
doctor consultation,Health
gym membership in davao,Health
checkup,Health
Maxicare,Health
Medicard expense,Health
Medicard today,Health
dental cleaning,Health
Anytime Fitness today,Health
medicine in davao,Health
Mercury Drug dental cleaning,Health
Medicard today,Health
bought vitamins from Southstar Drug,Health
doctor consultation,Health
Southstar Drug expense,Health
Mercury Drug laboratory test,Health
Mercury Drug dental cleaning,Health
Medicard,Health
gamot,Health
Anytime Fitness gym membership,Health
gamot at Maxicare,Health
medicine at Maxicare,Health
vitamins,Health
Southstar Drug today,Health
paid Maxicare checkup,Health
Generika laboratory test,Health
Generika medicine,Health
laboratory test in davao,Health
Anytime Fitness today,Health
Generika today,Health
Maxicare,Health
Anytime Fitness dental cleaning,Health
laboratory test,Health
Southstar Drug today,Health
monthly Generika payment,Health
Southstar Drug checkup,Health
Mercury Drug,Health
Southstar Drug gym membership,Health
medicine in davao,Health
vitamins in davao,Health
Southstar Drug expense,Health
Medicard expense,Health
Maxicare,Health
medicine at Southstar Drug,Health
bought checkup from Anytime Fitness,Health
monthly Medicard payment,Health
Generika dental cleaning,Health
gamot,Health
paid Mercury Drug doctor consultation,Health
medicine,Health
monthly Anytime Fitness payment,Health
bought checkup from Generika,Health
paid Southstar Drug laboratory test,Health
checkup at Southstar Drug,Health
monthly Mercury Drug payment,Health
bought gamot from Mercury Drug,Health
laboratory test,Health
bought vitamins from Medicard,Health
Mercury Drug gym membership,Health
vitamins at Mercury Drug,Health
bought dental cleaning from Anytime Fitness,Health
medicine in davao,Health
checkup in davao,Health
paid Mercury Drug medicine,Health
Maxicare today,Health
bought checkup from Maxicare,Health
paid Mercury Drug medicine,Health
Maxicare today,Health
monthly Anytime Fitness payment,Health
gamot at Anytime Fitness,Health
Generika medicine,Health
laboratory test at Maxicare,Health
Anytime Fitness,Health
bought dental cleaning from Medicard,Health
doctor consultation,Health
Mercury Drug today,Health
paid Southstar Drug gym membership,Health
Generika expense,Health
bought medicine from Anytime Fitness,Health
Anytime Fitness,Health
paid Southstar Drug dental cleaning,Health
monthly Anytime Fitness payment,Health
monthly Medicard payment,Health
doctor consultation,Health
bought gamot from Medicard,Health
Anytime Fitness today,Health
monthly Mercury Drug payment,Health
checkup at Anytime Fitness,Health
Southstar Drug today,Health
Generika today,Health
monthly Generika payment,Health
Southstar Drug today,Health
paid Maxicare doctor consultation,Health
paid Mercury Drug laboratory test,Health
dental cleaning in davao,Health
monthly Maxicare payment,Health
laboratory test at Medicard,Health
medicine in davao,Health
paid Medicard gym membership,Health
Anytime Fitness today,Health
Mercury Drug laboratory test,Health
gym membership at Mercury Drug,Health
Maxicare,Health
monthly Generika payment,Health
dental cleaning in davao,Health
Anytime Fitness today,Health
Southstar Drug,Health
Southstar Drug doctor consultation,Health
gamot at Maxicare,Health
Southstar Drug,Health
Mercury Drug today,Health
Generika today,Health
Medicard,Health
medicine at Anytime Fitness,Health
Medicard,Health
bought gym membership from Generika,Health
Medicard,Health
bought laboratory test from Maxicare,Health
Anytime Fitness,Health
bought doctor consultation from Southstar Drug,Health
Maxicare today,Health
Mercury Drug gamot,Health
Southstar Drug,Health
doctor consultation,Health
Medicard dental cleaning,Health
Medicard,Health
bought gamot from Mercury Drug,Health
Maxicare doctor consultation,Health
monthly Generika payment,Health
monthly Generika payment,Health
bought dental cleaning from Generika,Health
Generika,Health
gym membership at Anytime Fitness,Health
bought laboratory test from Generika,Health
bought laboratory test from Southstar Drug,Health
monthly Maxicare payment,Health
dental cleaning in davao,Health
medicine,Health
laboratory test,Health
Generika expense,Health
paid Southstar Drug gym membership,Health
Mercury Drug doctor consultation,Health
bought laboratory test from Generika,Health
monthly Southstar Drug payment,Health
Generika expense,Health
Mercury Drug doctor consultation,Health
Medicard,Health
dental cleaning,Health
Generika today,Health
gamot in davao,Health
Medicard,Health
monthly Generika payment,Health
Southstar Drug,Health
monthly Maxicare payment,Health
Generika expense,Health
paid Generika dental cleaning,Health
Generika checkup,Health
bought doctor consultation from Medicard,Health
Maxicare,Health
Medicard doctor consultation,Health
doctor consultation in davao,Health
dental cleaning in davao,Health
Anytime Fitness gamot,Health
Southstar Drug expense,Health
monthly Southstar Drug payment,Health
Southstar Drug,Health
paid Maxicare doctor consultation,Health
doctor consultation,Health
Maxicare,Health
Anytime Fitness,Health
Generika today,Health
monthly Southstar Drug payment,Health
Mercury Drug expense,Health
Southstar Drug medicine,Health
bought dental cleaning from Mercury Drug,Health
Maxicare today,Health
doctor consultation at Generika,Health
medicine,Health
Anytime Fitness,Health
paid Mercury Drug doctor consultation,Health
Maxicare today,Health
Anytime Fitness gym membership,Health
paid Anytime Fitness dental cleaning,Health
monthly Medicard payment,Health
paid Medicard gym membership,Health
Maxicare vitamins,Health
Mercury Drug doctor consultation,Health
bought gym membership from Anytime Fitness,Health
bought gamot from Maxicare,Health
gamot at Southstar Drug,Health
bought vitamins from Southstar Drug,Health
Medicard gym membership,Health
checkup in davao,Health
gym membership in davao,Health
Maxicare,Health
paid Southstar Drug gym membership,Health
Generika,Health
Maxicare expense,Health
Southstar Drug expense,Health
monthly Medicard payment,Health
paid Mercury Drug dental cleaning,Health
Southstar Drug medicine,Health
bought laboratory test from Southstar Drug,Health
bought gym membership from Anytime Fitness,Health
paid Maxicare medicine,Health
gamot,Health
gym membership at Mercury Drug,Health
Anytime Fitness today,Health
Anytime Fitness today,Health
monthly Generika payment,Health
paid Mercury Drug medicine,Health
monthly Southstar Drug payment,Health
Generika gamot,Health
monthly Generika payment,Health
gamot at Generika,Health
Anytime Fitness,Health
paid Southstar Drug gym membership,Health
vitamins at Mercury Drug,Health
monthly Southstar Drug payment,Health
Mercury Drug today,Health
vitamins in davao,Health
Southstar Drug today,Health
bought vitamins from Anytime Fitness,Health
Medicard expense,Health
monthly Medicard payment,Health
doctor consultation in davao,Health
bought dental cleaning from Southstar Drug,Health
monthly Medicard payment,Health
bought gym membership from Mercury Drug,Health
dental cleaning at Maxicare,Health
medicine at Maxicare,Health
Generika,Health
checkup at Medicard,Health
checkup at Anytime Fitness,Health
Maxicare dental cleaning,Health
dental cleaning at Medicard,Health
Southstar Drug,Health
monthly Medicard payment,Health
Medicard expense,Health
gamot in davao,Health
checkup,Health
dental cleaning in davao,Health
Mercury Drug,Health
monthly Maxicare payment,Health
monthly Maxicare payment,Health
laboratory test in davao,Health
monthly Anytime Fitness payment,Health
Mercury Drug today,Health
monthly Southstar Drug payment,Health
paid Mercury Drug vitamins,Health
vitamins in davao,Health
Anytime Fitness,Health
Mercury Drug,Health
monthly Mercury Drug payment,Health
Anytime Fitness today,Health
paid Southstar Drug gamot,Health
gym membership,Health
gamot,Health
bought dental cleaning from Maxicare,Health
Maxicare gym membership,Health
Medicard expense,Health
paid Medicard vitamins,Health
doctor consultation at Medicard,Health
gamot,Health
paid Anytime Fitness gym membership,Health
gamot at Southstar Drug,Health
Mercury Drug,Health
gym membership at Southstar Drug,Health
Maxicare today,Health
paid Medicard dental cleaning,Health
monthly Medicard payment,Health
Medicard medicine,Health
bought doctor consultation from Medicard,Health
Southstar Drug today,Health
gym membership in davao,Health
paid Mercury Drug laboratory test,Health
Mercury Drug today,Health
laboratory test,Health
medicine in davao,Health
Anytime Fitness expense,Health
checkup at Mercury Drug,Health
monthly Southstar Drug payment,Health
medicine at Medicard,Health
Generika expense,Health
Mercury Drug,Health
Anytime Fitness,Health
Southstar Drug expense,Health
bought gym membership from Generika,Health
bought laboratory test from Medicard,Health
paid Anytime Fitness laboratory test,Health
checkup,Health
Mercury Drug,Health
Generika today,Health
Mercury Drug,Health
Medicard today,Health
Medicard expense,Health
Mercury Drug expense,Health
bought doctor consultation from Southstar Drug,Health
monthly Anytime Fitness payment,Health
checkup at Anytime Fitness,Health
Mercury Drug expense,Health
bought checkup from Generika,Health
vitamins,Health
laboratory test at Generika,Health
Anytime Fitness laboratory test,Health
paid Mercury Drug doctor consultation,Health
medicine in davao,Health
laboratory test,Health
checkup,Health
bought gym membership from Medicard,Health
bought laboratory test from Maxicare,Health
gym membership at Generika,Health
Generika expense,Health
medicine at Anytime Fitness,Health
vitamins in davao,Health
Maxicare,Health
Medicard doctor consultation,Health
Medicard expense,Health
monthly Mercury Drug payment,Health
doctor consultation at Generika,Health
laboratory test,Health
Medicard today,Health
monthly Generika payment,Health
vitamins at Maxicare,Health
Maxicare expense,Health
Medicard,Health
monthly Generika payment,Health
dental cleaning,Health
paid Generika doctor consultation,Health
Medicard gym membership,Health
Mercury Drug,Health
gamot,Health
medicine at Mercury Drug,Health
checkup in davao,Health
medicine in davao,Health
monthly Medicard payment,Health
vitamins at Maxicare,Health
Medicard,Health
medicine in davao,Health
Anytime Fitness,Health
checkup at Southstar Drug,Health
Anytime Fitness doctor consultation,Health
Medicard checkup,Health
laboratory test in davao,Health
paid Maxicare gamot,Health
bought doctor consultation from Southstar Drug,Health
gamot at Mercury Drug,Health
bought vitamins from Maxicare,Health
paid Anytime Fitness gamot,Health
bought medicine from Maxicare,Health
Mercury Drug today,Health
medicine,Health
gym membership,Health
Maxicare gym membership,Health
doctor consultation at Medicard,Health
bought gym membership from Generika,Health
laboratory test,Health
bought gamot from Mercury Drug,Health
monthly Generika payment,Health
laboratory test,Health
gamot in davao,Health
Maxicare,Health
laboratory test in davao,Health
Maxicare,Health
paid Maxicare dental cleaning,Health
Medicard medicine,Health
dental cleaning at Medicard,Health
paid Southstar Drug dental cleaning,Health
Anytime Fitness today,Health
bought dental cleaning from Medicard,Health
Medicard gamot,Health
doctor consultation,Health
vitamins in davao,Health
Generika today,Health
monthly Southstar Drug payment,Health
medicine at Mercury Drug,Health
doctor consultation at Maxicare,Health
monthly Mercury Drug payment,Health
bought vitamins from Generika,Health
gamot at Southstar Drug,Health
Medicard today,Health
vitamins at Generika,Health
checkup at Medicard,Health
Mercury Drug expense,Health
gamot in davao,Health
Southstar Drug expense,Health
Maxicare medicine,Health
vitamins at Anytime Fitness,Health
laboratory test at Medicard,Health
Anytime Fitness,Health
Anytime Fitness,Health
laboratory test in davao,Health
dental cleaning,Health
Maxicare expense,Health
laboratory test at Mercury Drug,Health
doctor consultation,Health
dental cleaning in davao,Health
monthly Medicard payment,Health
Anytime Fitness checkup,Health
Southstar Drug,Health
Mercury Drug gym membership,Health
Mercury Drug today,Health
Maxicare medicine,Health
Southstar Drug doctor consultation,Health
Maxicare expense,Health
doctor consultation at Southstar Drug,Health
Medicard today,Health
bought medicine from Mercury Drug,Health
Medicard doctor consultation,Health
medicine in davao,Health
Generika expense,Health
Southstar Drug,Health
doctor consultation at Southstar Drug,Health
bought vitamins from Anytime Fitness,Health
Mercury Drug today,Health
Generika expense,Health
bought doctor consultation from Anytime Fitness,Health
medicine in davao,Health
Generika expense,Health
bought laboratory test from Southstar Drug,Health
monthly Southstar Drug payment,Health
gamot in davao,Health
monthly Anytime Fitness payment,Health
monthly Southstar Drug payment,Health
dental cleaning in davao,Health
checkup in davao,Health
paid Southstar Drug gym membership,Health
paid Maxicare dental cleaning,Health
monthly Generika payment,Health
Medicard medicine,Health
medicine at Medicard,Health
medicine at Generika,Health
bought gym membership from Anytime Fitness,Health
bought doctor consultation from Anytime Fitness,Health
Generika doctor consultation,Health
bought gamot from Southstar Drug,Health
laboratory test at Southstar Drug,Health
Generika expense,Health
bought gym membership from Maxicare,Health
Mercury Drug gym membership,Health
Mercury Drug,Health
Generika expense,Health
Medicard expense,Health
monthly Mercury Drug payment,Health
bought doctor consultation from Maxicare,Health
monthly Mercury Drug payment,Health
gamot in davao,Health
dental cleaning in davao,Health
bought gym membership from Medicard,Health
dental cleaning at Generika,Health
bought doctor consultation from Medicard,Health
bought vitamins from Mercury Drug,Health
Anytime Fitness expense,Health
gym membership,Health
Southstar Drug today,Health
Anytime Fitness medicine,Health
laboratory test,Health
Medicard doctor consultation,Health
Medicard expense,Health
bought checkup from Anytime Fitness,Health
vitamins at Mercury Drug,Health
Generika,Health
monthly Southstar Drug payment,Health
Generika laboratory test,Health
doctor consultation at Maxicare,Health
paid Maxicare medicine,Health
Medicard today,Health
Maxicare doctor consultation,Health
Medicard checkup,Health
vitamins,Health
medicine at Generika,Health
paid Mercury Drug doctor consultation,Health
Southstar Drug today,Health
laboratory test at Medicard,Health
dental cleaning at Anytime Fitness,Health
doctor consultation,Health
Medicard today,Health
monthly Mercury Drug payment,Health
Anytime Fitness,Health
Anytime Fitness dental cleaning,Health
Maxicare laboratory test,Health
Southstar Drug,Health
paid Maxicare gym membership,Health
doctor consultation,Health
paid Maxicare laboratory test,Health
gym membership at Generika,Health
bought laboratory test from Southstar Drug,Health
monthly Mercury Drug payment,Health
dental cleaning in davao,Health
checkup in davao,Health
Generika today,Health
laboratory test in davao,Health
monthly Generika payment,Health
dental cleaning at Anytime Fitness,Health
paid Southstar Drug doctor consultation,Health
bought gym membership from Medicard,Health
paid Anytime Fitness gym membership,Health
paid Maxicare checkup,Health
monthly Mercury Drug payment,Health
paid Maxicare dental cleaning,Health
Generika,Health
Anytime Fitness today,Health
dental cleaning at Maxicare,Health
monthly Anytime Fitness payment,Health
Mercury Drug today,Health
vitamins,Health
Mercury Drug doctor consultation,Health
vitamins in davao,Health
Southstar Drug doctor consultation,Health
Anytime Fitness,Health
Generika expense,Health
doctor consultation,Health
vitamins in davao,Health
bought gym membership from Maxicare,Health
monthly Maxicare payment,Health
bought vitamins from Mercury Drug,Health
bought dental cleaning from Generika,Health
Southstar Drug expense,Health
gym membership at Anytime Fitness,Health
laboratory test at Anytime Fitness,Health
Maxicare,Health
Anytime Fitness today,Health
medicine,Health
Southstar Drug,Health
paid Medicard gym membership,Health
doctor consultation,Health
Maxicare today,Health
vitamins in davao,Health
doctor consultation,Health
dental cleaning,Health
Generika gym membership,Health
bought dental cleaning from Southstar Drug,Health
checkup,Health
paid Medicard vitamins,Health
bought doctor consultation from Maxicare,Health
gamot at Generika,Health
Maxicare doctor consultation,Health
medicine in davao,Health
Maxicare expense,Health
Mercury Drug expense,Health
Medicard today,Health
Generika expense,Health
gym membership at Generika,Health
Medicard today,Health
Maxicare expense,Health
bought medicine from Anytime Fitness,Health
monthly Mercury Drug payment,Health
Maxicare,Health
Anytime Fitness,Health
Maxicare medicine,Health
monthly Generika payment,Health
monthly Southstar Drug payment,Health
Generika expense,Health
gym membership in davao,Health
paid Medicard gym membership,Health
Maxicare expense,Health
Medicard today,Health
bought laboratory test from Southstar Drug,Health
dental cleaning at Medicard,Health
medicine at Mercury Drug,Health
gym membership,Health
Mercury Drug,Health
Generika expense,Health
Anytime Fitness,Health
vitamins at Medicard,Health
checkup in davao,Health
Mercury Drug checkup,Health
Generika today,Health
bought doctor consultation from Anytime Fitness,Health
Generika,Health
Mercury Drug gamot,Health
monthly Medicard payment,Health
vitamins at Southstar Drug,Health
medicine at Generika,Health
paid Maxicare gamot,Health
paid Maxicare gym membership,Health
paid Maxicare laboratory test,Health
Anytime Fitness expense,Health
Southstar Drug today,Health
Mercury Drug,Health
Medicard expense,Health
Anytime Fitness,Health
checkup at Southstar Drug,Health
paid Southstar Drug vitamins,Health
Mercury Drug laboratory test,Health
paid Southstar Drug gym membership,Health
Mercury Drug today,Health
dental cleaning in davao,Health
medicine,Health
Anytime Fitness expense,Health
Southstar Drug expense,Health
dental cleaning,Health
paid Southstar Drug vitamins,Health
Southstar Drug,Health
gym membership in davao,Health
Anytime Fitness laboratory test,Health
paid Maxicare doctor consultation,Health
bought gamot from Maxicare,Health
Anytime Fitness dental cleaning,Health
monthly Maxicare payment,Health
paid Anytime Fitness vitamins,Health
bought gym membership from Medicard,Health
paid Maxicare vitamins,Health
vitamins in davao,Health
paid Generika dental cleaning,Health
Maxicare medicine,Health
Medicard today,Health
gamot at Medicard,Health
Mercury Drug expense,Health
gamot at Mercury Drug,Health
Generika,Health
doctor consultation,Health
monthly Generika payment,Health
laboratory test in davao,Health
paid Medicard gamot,Health
bought gym membership from Maxicare,Health
bought gamot from Southstar Drug,Health
Mercury Drug,Health
Generika today,Health
paid Generika medicine,Health
Mercury Drug,Health
gym membership,Health
dental cleaning,Health
bought laboratory test from Anytime Fitness,Health
Maxicare,Health
Mercury Drug,Health
Medicard,Health
doctor consultation in davao,Health
checkup in davao,Health
monthly Southstar Drug payment,Health
doctor consultation in davao,Health
doctor consultation,Health
Mercury Drug expense,Health
Anytime Fitness,Health
Anytime Fitness today,Health
Maxicare vitamins,Health
gamot at Anytime Fitness,Health
gamot in davao,Health
vitamins at Southstar Drug,Health
paid Mercury Drug gamot,Health
paid Generika medicine,Health
dental cleaning in davao,Health
checkup,Health
Southstar Drug doctor consultation,Health
bought dental cleaning from Southstar Drug,Health
Mercury Drug today,Health
monthly Southstar Drug payment,Health
Mercury Drug expense,Health
vitamins in davao,Health
paid Southstar Drug gym membership,Health
Southstar Drug,Health
vitamins,Health
bought checkup from Southstar Drug,Health
bought laboratory test from Generika,Health
Medicard,Health
paid Generika checkup,Health
dental cleaning in davao,Health
doctor consultation in davao,Health
paid Maxicare gamot,Health
gym membership in davao,Health
paid Maxicare laboratory test,Health
Maxicare today,Health
monthly Maxicare payment,Health
laboratory test,Health
Generika today,Health
dental cleaning at Maxicare,Health
vitamins in davao,Health
monthly Southstar Drug payment,Health
Generika laboratory test,Health
gym membership,Health
bought medicine from Maxicare,Health
bought medicine from Mercury Drug,Health
Maxicare vitamins,Health
Anytime Fitness expense,Health
bought medicine from Mercury Drug,Health
monthly Medicard payment,Health
vitamins in davao,Health
Anytime Fitness today,Health
doctor consultation,Health
gym membership at Southstar Drug,Health
vitamins at Anytime Fitness,Health
Maxicare expense,Health
Medicard gym membership,Health
Medicard expense,Health
paid Maxicare checkup,Health
Generika,Health
Medicard today,Health
laboratory test,Health
laboratory test in davao,Health
laboratory test,Health
medicine,Health
Mercury Drug,Health
checkup,Health
medicine at Generika,Health
monthly Anytime Fitness payment,Health
Southstar Drug expense,Health
bought laboratory test from Anytime Fitness,Health
Medicard gamot,Health
gym membership,Health
Mercury Drug gym membership,Health
paid Maxicare dental cleaning,Health
Southstar Drug,Health
Southstar Drug expense,Health
Anytime Fitness expense,Health
Medicard,Health
Mercury Drug checkup,Health
Southstar Drug,Health
dental cleaning in davao,Health
bought dental cleaning from Generika,Health
medicine,Health
Southstar Drug today,Health
Anytime Fitness dental cleaning,Health
Generika,Health
Southstar Drug doctor consultation,Health
paid Mercury Drug checkup,Health
Generika today,Health
checkup,Health
monthly Generika payment,Health
doctor consultation at Mercury Drug,Health
monthly Maxicare payment,Health
paid Anytime Fitness doctor consultation,Health
Generika,Health
bought laboratory test from Medicard,Health
Medicard,Health
gamot at Medicard,Health
Generika expense,Health
laboratory test,Health
checkup in davao,Health
Mercury Drug today,Health
Mercury Drug gym membership,Health
Medicard doctor consultation,Health
Medicard vitamins,Health
monthly Mercury Drug payment,Health
checkup at Maxicare,Health
doctor consultation in davao,Health
monthly Maxicare payment,Health
Mercury Drug today,Health
vitamins,Health
bought gamot from Anytime Fitness,Health
Southstar Drug,Health
Mercury Drug expense,Health
Medicard expense,Health
Generika expense,Health
Mercury Drug today,Health
Southstar Drug,Health
checkup,Health
Mercury Drug gym membership,Health
gym membership in davao,Health
paid Generika doctor consultation,Health
checkup in davao,Health
dental cleaning at Maxicare,Health
paid Medicard dental cleaning,Health
monthly Anytime Fitness payment,Health
Mercury Drug,Health
bought gamot from Anytime Fitness,Health
checkup at Southstar Drug,Health
laboratory test at Generika,Health
Generika today,Health
Maxicare checkup,Health
medicine at Southstar Drug,Health
bought medicine from Maxicare,Health
dental cleaning in davao,Health
Maxicare expense,Health
vitamins,Health
gym membership,Health
bought dental cleaning from Anytime Fitness,Health
laboratory test,Health
Medicard,Health
medicine in davao,Health
paid Maxicare medicine,Health
Medicard expense,Health
Maxicare expense,Health
Maxicare,Health
Southstar Drug today,Health
Anytime Fitness expense,Health
bought checkup from Anytime Fitness,Health
bought doctor consultation from Southstar Drug,Health
bought dental cleaning from Generika,Health
dental cleaning,Health
laboratory test at Southstar Drug,Health
Maxicare dental cleaning,Health
monthly Anytime Fitness payment,Health
checkup in davao,Health
dental cleaning in davao,Health
doctor consultation in davao,Health
Medicard expense,Health
paid Mercury Drug laboratory test,Health
Mercury Drug expense,Health
Generika expense,Health
doctor consultation in davao,Health
bought gamot from Mercury Drug,Health
Anytime Fitness,Health
Maxicare expense,Health
bought gym membership from Generika,Health
Southstar Drug,Health
bought medicine from Anytime Fitness,Health
laboratory test,Health
laboratory test at Generika,Health
medicine in davao,Health
Anytime Fitness today,Health
Medicard expense,Health
Mercury Drug,Health
medicine in davao,Health
gamot,Health
doctor consultation in davao,Health
Anytime Fitness,Health
Anytime Fitness today,Health
Medicard,Health
paid Medicard doctor consultation,Health
paid Southstar Drug medicine,Health
Medicard today,Health
laboratory test at Mercury Drug,Health
medicine at Mercury Drug,Health
Medicard expense,Health
Medicard today,Health
vitamins at Generika,Health
monthly Southstar Drug payment,Health
monthly Generika payment,Health
Generika expense,Health
medicine at Mercury Drug,Health
bought gym membership from Generika,Health
gym membership in davao,Health
gamot in davao,Health
laboratory test,Health
Anytime Fitness expense,Health
Southstar Drug expense,Health
checkup at Medicard,Health
paid Maxicare laboratory test,Health
paid Medicard checkup,Health
bought medicine from Maxicare,Health
Mercury Drug today,Health
bought doctor consultation from Generika,Health
paid Mercury Drug medicine,Health
Mercury Drug gamot,Health
bought gamot from Anytime Fitness,Health
gym membership at Maxicare,Health
Anytime Fitness laboratory test,Health
dental cleaning,Health
Mercury Drug checkup,Health
bought gym membership from Generika,Health
checkup at Anytime Fitness,Health
vitamins,Health
gym membership,Health
Generika,Health
Medicard medicine,Health
Southstar Drug expense,Health
Medicard laboratory test,Health
monthly Generika payment,Health
doctor consultation,Health
paid Anytime Fitness gym membership,Health
paid Anytime Fitness checkup,Health
gym membership,Health
gym membership at Southstar Drug,Health
checkup at Anytime Fitness,Health
Maxicare,Health
checkup in davao,Health
bought gym membership from Medicard,Health
Mercury Drug dental cleaning,Health
Generika checkup,Health
gamot at Mercury Drug,Health
Southstar Drug expense,Health
Mercury Drug expense,Health
paid Anytime Fitness doctor consultation,Health
gamot at Mercury Drug,Health
Anytime Fitness today,Health
vitamins,Health
paid Generika dental cleaning,Health
Mercury Drug vitamins,Health
bought dental cleaning from Medicard,Health
Anytime Fitness expense,Health
monthly Generika payment,Health
Anytime Fitness,Health
Generika,Health
monthly Generika payment,Health
medicine,Health
Medicard expense,Health
paid Southstar Drug dental cleaning,Health
Maxicare expense,Health
Generika doctor consultation,Health
paid Mercury Drug gym membership,Health
Maxicare today,Health
Anytime Fitness vitamins,Health
dental cleaning,Health
bought dental cleaning from Southstar Drug,Health
Generika,Health
dental cleaning,Health
checkup,Health
Anytime Fitness laboratory test,Health
Southstar Drug expense,Health
bought gamot from Medicard,Health
paid Southstar Drug gamot,Health
medicine,Health
Medicard expense,Health
Mercury Drug today,Health
laboratory test,Health
medicine in davao,Health
Maxicare gamot,Health
paid Generika dental cleaning,Health
paid Maxicare medicine,Health
Medicard,Health
Anytime Fitness today,Health
gym membership,Health
gym membership in davao,Health
monthly Anytime Fitness payment,Health
bought doctor consultation from Anytime Fitness,Health
bought checkup from Generika,Health
monthly Southstar Drug payment,Health
gym membership at Mercury Drug,Health
Maxicare gym membership,Health
Generika today,Health
Mercury Drug laboratory test,Health
Generika today,Health
laboratory test at Mercury Drug,Health
monthly Southstar Drug payment,Health
medicine in davao,Health
Maxicare today,Health
Mercury Drug,Health
laboratory test at Medicard,Health
vitamins in davao,Health
monthly Anytime Fitness payment,Health
Southstar Drug doctor consultation,Health
doctor consultation at Maxicare,Health
monthly Mercury Drug payment,Health
bought medicine from Southstar Drug,Health
medicine,Health
medicine,Health
checkup at Mercury Drug,Health
Maxicare,Health
laboratory test at Generika,Health
monthly Southstar Drug payment,Health
monthly Mercury Drug payment,Health
gamot at Medicard,Health
Southstar Drug today,Health
Maxicare gamot,Health
monthly Maxicare payment,Health
medicine in davao,Health
laboratory test,Health
Medicard today,Health
monthly Mercury Drug payment,Health
Medicard today,Health
Generika dental cleaning,Health
Southstar Drug,Health
bought gym membership from Anytime Fitness,Health
Maxicare,Health
paid Medicard gamot,Health
Anytime Fitness today,Health
medicine,Health
paid Maxicare dental cleaning,Health
monthly Mercury Drug payment,Health
bought medicine from Mercury Drug,Health
monthly Generika payment,Health
Southstar Drug laboratory test,Health
Mercury Drug gamot,Health
Medicard,Health
bought vitamins from Southstar Drug,Health
monthly Maxicare payment,Health
Generika expense,Health
Medicard,Health
bought gym membership from Maxicare,Health
bought dental cleaning from Medicard,Health
laboratory test at Anytime Fitness,Health
gym membership in davao,Health
Generika today,Health
Southstar Drug expense,Health
doctor consultation,Health
bought medicine from Mercury Drug,Health
Southstar Drug vitamins,Health
monthly Maxicare payment,Health
Maxicare,Health
monthly Maxicare payment,Health
bought gamot from Maxicare,Health
Medicard today,Health
Generika expense,Health
medicine in davao,Health
doctor consultation at Southstar Drug,Health
Southstar Drug gamot,Health
paid Generika vitamins,Health
Medicard,Health
Medicard today,Health
monthly Mercury Drug payment,Health
Medicard expense,Health
Generika expense,Health
Anytime Fitness dental cleaning,Health
monthly Maxicare payment,Health
Mercury Drug today,Health
Mercury Drug expense,Health
laboratory test,Health
monthly Mercury Drug payment,Health
paid Anytime Fitness vitamins,Health
Southstar Drug expense,Health
bought gamot from Medicard,Health
paid Anytime Fitness vitamins,Health
Southstar Drug today,Health
Maxicare checkup,Health
medicine at Maxicare,Health
Generika today,Health
Medicard today,Health
Generika,Health
medicine in davao,Health
Generika expense,Health
Medicard today,Health
doctor consultation in davao,Health
monthly Generika payment,Health
paid Medicard doctor consultation,Health
Medicard,Health
monthly Maxicare payment,Health
Anytime Fitness today,Health
gamot in davao,Health
Medicard,Health
Maxicare expense,Health
Southstar Drug today,Health
Medicard laboratory test,Health
gamot at Generika,Health
gamot in davao,Health
Anytime Fitness,Health
Southstar Drug,Health
dental cleaning in davao,Health
bought laboratory test from Mercury Drug,Health
Medicard checkup,Health
gym membership at Medicard,Health
paid Maxicare doctor consultation,Health
Anytime Fitness today,Health
medicine in davao,Health
vitamins in davao,Health
laboratory test at Maxicare,Health
Medicard today,Health
Generika vitamins,Health
monthly Maxicare payment,Health
Southstar Drug today,Health
Medicard laboratory test,Health
Medicard doctor consultation,Health
Medicard,Health
medicine,Health
bought dental cleaning from Anytime Fitness,Health
medicine at Maxicare,Health
Mercury Drug checkup,Health
gym membership at Generika,Health
gamot at Generika,Health
bought gamot from Maxicare,Health
Medicard today,Health
Anytime Fitness checkup,Health
paid Southstar Drug doctor consultation,Health
Medicard expense,Health
gamot in davao,Health
Southstar Drug today,Health
gamot,Health
vitamins at Medicard,Health
Medicard laboratory test,Health
medicine,Health
laboratory test at Mercury Drug,Health
paid Generika dental cleaning,Health
doctor consultation,Health
medicine,Health
paid Medicard laboratory test,Health
gamot,Health
Generika,Health
monthly Mercury Drug payment,Health
Medicard,Health
Mercury Drug laboratory test,Health
dental cleaning at Medicard,Health
gym membership in davao,Health
Generika expense,Health
monthly Anytime Fitness payment,Health
medicine,Health
Generika today,Health
Anytime Fitness,Health
monthly Southstar Drug payment,Health
bought doctor consultation from Anytime Fitness,Health
bought gamot from Mercury Drug,Health
bought medicine from Anytime Fitness,Health
Maxicare,Health
monthly Mercury Drug payment,Health
Maxicare today,Health
dental cleaning,Health
dental cleaning at Southstar Drug,Health
monthly Generika payment,Health
Maxicare,Health
bought doctor consultation from Southstar Drug,Health
Mercury Drug expense,Health
Anytime Fitness,Health
Maxicare today,Health
monthly Southstar Drug payment,Health
bought gym membership from Medicard,Health
gym membership in davao,Health
Generika expense,Health
Medicard,Health
Anytime Fitness expense,Health
checkup in davao,Health
Maxicare today,Health
Anytime Fitness today,Health
monthly Mercury Drug payment,Health
Anytime Fitness expense,Health
checkup in davao,Health
monthly Medicard payment,Health
Southstar Drug expense,Health
Anytime Fitness laboratory test,Health
gamot in davao,Health
Maxicare today,Health
dental cleaning at Southstar Drug,Health
gamot,Health
Maxicare today,Health
vitamins,Health
Generika doctor consultation,Health
Generika,Health
Southstar Drug expense,Health
Medicard expense,Health
Generika,Health
paid Generika checkup,Health
gamot at Medicard,Health
gamot at Anytime Fitness,Health
Maxicare expense,Health
Medicard checkup,Health
Anytime Fitness dental cleaning,Health
checkup,Health
Southstar Drug expense,Health
bought vitamins from Maxicare,Health
bought laboratory test from Anytime Fitness,Health
medicine,Health
medicine at Medicard,Health
dental cleaning in davao,Health
Medicard checkup,Health
vitamins at Generika,Health
Mercury Drug today,Health
Anytime Fitness expense,Health
vitamins at Maxicare,Health
Mercury Drug,Health
Medicard gamot,Health
Southstar Drug today,Health
checkup,Health
monthly Mercury Drug payment,Health
bought medicine from Southstar Drug,Health
Generika expense,Health
Maxicare expense,Health
Mercury Drug expense,Health
laboratory test,Health
Maxicare dental cleaning,Health
Medicard expense,Health
Maxicare,Health
checkup at Southstar Drug,Health
Generika,Health
dental cleaning,Health
medicine,Health
bought medicine from Mercury Drug,Health
Generika today,Health
monthly Southstar Drug payment,Health
medicine at Anytime Fitness,Health
Medicard dental cleaning,Health
Anytime Fitness expense,Health
monthly Maxicare payment,Health
vitamins in davao,Health
medicine in davao,Health
dental cleaning,Health
Maxicare today,Health
Anytime Fitness expense,Health
monthly Maxicare payment,Health
Maxicare vitamins,Health
Anytime Fitness today,Health
Maxicare expense,Health
Anytime Fitness,Health
Anytime Fitness today,Health
laboratory test in davao,Health
Medicard,Health
monthly Southstar Drug payment,Health
bought vitamins from Generika,Health
monthly Maxicare payment,Health
bought dental cleaning from Mercury Drug,Health
Mercury Drug today,Health
Mercury Drug today,Health
medicine,Health
monthly Anytime Fitness payment,Health
Maxicare vitamins,Health
Southstar Drug today,Health
Medicard expense,Health
monthly Medicard payment,Health
Maxicare today,Health
bought vitamins from Southstar Drug,Health
bought dental cleaning from Medicard,Health
dental cleaning at Medicard,Health
Maxicare dental cleaning,Health
vitamins at Generika,Health
Maxicare today,Health
dental cleaning,Health
gamot,Health
dental cleaning,Health
Mercury Drug today,Health
Generika expense,Health
doctor consultation at Medicard,Health
Medicard,Health
Maxicare expense,Health
paid Generika medicine,Health
bought checkup from Anytime Fitness,Health
bought dental cleaning from Mercury Drug,Health
Maxicare gym membership,Health
medicine in davao,Health
bought doctor consultation from Southstar Drug,Health
paid Anytime Fitness laboratory test,Health
doctor consultation at Maxicare,Health
Mercury Drug expense,Health
monthly Anytime Fitness payment,Health
paid Southstar Drug vitamins,Health
Medicard today,Health
monthly Generika payment,Health
paid Medicard checkup,Health
paid Maxicare checkup,Health
monthly Medicard payment,Health
checkup,Health
gamot,Health
bought vitamins from Mercury Drug,Health
vitamins at Anytime Fitness,Health
paid Generika dental cleaning,Health
gamot in davao,Health
laboratory test at Southstar Drug,Health
bought vitamins from Mercury Drug,Health
Maxicare today,Health
monthly Medicard payment,Health
Anytime Fitness,Health
Mercury Drug expense,Health
paid Maxicare checkup,Health
Mercury Drug,Health
Mercury Drug,Health
Generika vitamins,Health
Generika today,Health
gym membership in davao,Health
vitamins,Health
Maxicare checkup,Health
Southstar Drug today,Health
Generika,Health
doctor consultation,Health
paid Maxicare doctor consultation,Health
checkup in davao,Health
Medicard today,Health
Southstar Drug expense,Health
gamot,Health
paid Generika medicine,Health
monthly Mercury Drug payment,Health
monthly Mercury Drug payment,Health
vitamins in davao,Health
laboratory test in davao,Health
dental cleaning at Mercury Drug,Health
paid Mercury Drug medicine,Health
checkup at Medicard,Health
Southstar Drug gamot,Health
doctor consultation at Generika,Health
Southstar Drug today,Health
dental cleaning at Anytime Fitness,Health
bought doctor consultation from Southstar Drug,Health
paid Mercury Drug dental cleaning,Health
gamot in davao,Health
monthly Southstar Drug payment,Health
Medicard today,Health
bought doctor consultation from Generika,Health
vitamins at Maxicare,Health
Anytime Fitness today,Health
paid Anytime Fitness doctor consultation,Health
doctor consultation in davao,Health
paid Mercury Drug gym membership,Health
Mercury Drug doctor consultation,Health
Anytime Fitness expense,Health
Southstar Drug gamot,Health
Mercury Drug,Health
dental cleaning in davao,Health
medicine in davao,Health
laboratory test in davao,Health
paid Anytime Fitness doctor consultation,Health
dental cleaning,Health
Anytime Fitness,Health
gamot in davao,Health
paid Southstar Drug checkup,Health
medicine at Mercury Drug,Health
Medicard,Health
bought medicine from Mercury Drug,Health
Anytime Fitness,Health
medicine in davao,Health
vitamins in davao,Health
doctor consultation at Maxicare,Health
Generika dental cleaning,Health
monthly Mercury Drug payment,Health
gym membership at Generika,Health
Southstar Drug vitamins,Health
bought gamot from Southstar Drug,Health
laboratory test,Health
monthly Southstar Drug payment,Health
dental cleaning at Mercury Drug,Health
Southstar Drug expense,Health
Anytime Fitness,Health
Generika,Health
Generika,Health
Mercury Drug expense,Health
paid Southstar Drug vitamins,Health
Generika,Health
monthly Medicard payment,Health
paid Anytime Fitness dental cleaning,Health
medicine at Maxicare,Health
vitamins,Health
Southstar Drug,Health
Generika expense,Health
monthly Maxicare payment,Health
Generika dental cleaning,Health
Generika gamot,Health
laboratory test at Southstar Drug,Health
Generika expense,Health
doctor consultation in davao,Health
paid Generika medicine,Health
gamot in davao,Health
bought laboratory test from Southstar Drug,Health
laboratory test at Maxicare,Health
Medicard,Health
checkup in davao,Health
vitamins at Anytime Fitness,Health
Anytime Fitness expense,Health
medicine at Mercury Drug,Health
monthly Southstar Drug payment,Health
bought gym membership from Southstar Drug,Health
Southstar Drug today,Health
Anytime Fitness doctor consultation,Health
gamot at Medicard,Health
Mercury Drug expense,Health
Southstar Drug expense,Health
Southstar Drug,Health
monthly Generika payment,Health
bought vitamins from Southstar Drug,Health
Maxicare,Health
Southstar Drug today,Health
Medicard laboratory test,Health
bought vitamins from Generika,Health
laboratory test at Medicard,Health
checkup,Health
gamot,Health
dental cleaning at Maxicare,Health
bought dental cleaning from Anytime Fitness,Health
doctor consultation in davao,Health
Generika,Health
Southstar Drug dental cleaning,Health
Southstar Drug vitamins,Health
bought vitamins from Maxicare,Health
dental cleaning in davao,Health
Maxicare today,Health
bought laboratory test from Mercury Drug,Health
Medicard today,Health
bought medicine from Mercury Drug,Health
gym membership at Mercury Drug,Health
Mercury Drug expense,Health
vitamins,Health
Anytime Fitness,Health
Maxicare,Health
Anytime Fitness checkup,Health
Maxicare today,Health
paid Generika gym membership,Health
paid Mercury Drug gym membership,Health
paid Mercury Drug gym membership,Health
paid Anytime Fitness checkup,Health
monthly Maxicare payment,Health
monthly Maxicare payment,Health
doctor consultation at Anytime Fitness,Health
doctor consultation at Generika,Health
Mercury Drug checkup,Health
laboratory test,Health
paid Anytime Fitness vitamins,Health
medicine in davao,Health
Generika checkup,Health
bought vitamins from Generika,Health
dental cleaning in davao,Health
gamot in davao,Health
bought checkup from Generika,Health
bought vitamins from Mercury Drug,Health
Generika dental cleaning,Health
monthly Southstar Drug payment,Health
Mercury Drug expense,Health
medicine,Health
paid Mercury Drug gamot,Health
Mercury Drug dental cleaning,Health
Maxicare expense,Health
doctor consultation,Health
gym membership in davao,Health
monthly Generika payment,Health
Anytime Fitness medicine,Health
Generika laboratory test,Health
monthly Anytime Fitness payment,Health
laboratory test in davao,Health
bought gym membership from Southstar Drug,Health
Maxicare expense,Health
paid Anytime Fitness medicine,Health
monthly Southstar Drug payment,Health
bought dental cleaning from Maxicare,Health
Generika expense,Health
Mercury Drug expense,Health
Medicard,Health
monthly Medicard payment,Health
bought laboratory test from Medicard,Health
paid Maxicare checkup,Health
Medicard checkup,Health
Maxicare today,Health
Mercury Drug laboratory test,Health
Maxicare today,Health
Generika today,Health
Generika,Health
Southstar Drug expense,Health
paid Medicard checkup,Health
bought medicine from Mercury Drug,Health
Medicard today,Health
vitamins at Maxicare,Health
gamot in davao,Health
Medicard,Health
Anytime Fitness,Health
medicine in davao,Health
Anytime Fitness expense,Health
Generika today,Health
bought gym membership from Generika,Health
bought doctor consultation from Medicard,Health
Medicard today,Health
paid Southstar Drug dental cleaning,Health
bought laboratory test from Generika,Health
paid Mercury Drug gamot,Health
dental cleaning in davao,Health
gamot,Health
doctor consultation,Health
paid Southstar Drug medicine,Health
vitamins at Anytime Fitness,Health
monthly Generika payment,Health
Generika vitamins,Health
Generika expense,Health
Generika expense,Health
paid Anytime Fitness gamot,Health
monthly Generika payment,Health
Maxicare expense,Health
monthly Southstar Drug payment,Health
Southstar Drug expense,Health
doctor consultation in davao,Health
vitamins,Health
doctor consultation,Health
paid Medicard laboratory test,Health
monthly Southstar Drug payment,Health
doctor consultation,Health
Generika vitamins,Health
Generika,Health
Anytime Fitness today,Health
Medicard gym membership,Health
gym membership at Anytime Fitness,Health
Generika,Health
bought gamot from Southstar Drug,Health
checkup in davao,Health
Maxicare,Health
checkup in davao,Health
dental cleaning in davao,Health
Anytime Fitness,Health
Medicard,Health
Southstar Drug checkup,Health
Southstar Drug expense,Health
Generika expense,Health
bought gamot from Medicard,Health
Generika doctor consultation,Health
Southstar Drug today,Health
monthly Medicard payment,Health
bought laboratory test from Generika,Health
dental cleaning at Anytime Fitness,Health
Southstar Drug,Health
Maxicare today,Health
paid Generika vitamins,Health
bought doctor consultation from Maxicare,Health
paid Southstar Drug checkup,Health
Maxicare today,Health
medicine,Health
laboratory test,Health
medicine,Health
vitamins at Medicard,Health
monthly Generika payment,Health
paid Southstar Drug vitamins,Health
vitamins at Maxicare,Health
vitamins in davao,Health
paid Anytime Fitness doctor consultation,Health
monthly Maxicare payment,Health
checkup,Health
paid Anytime Fitness gamot,Health
bought laboratory test from Generika,Health
medicine at Maxicare,Health
medicine in davao,Health
Maxicare laboratory test,Health
Mercury Drug today,Health
Mercury Drug today,Health
gym membership at Generika,Health
Generika expense,Health
Maxicare today,Health
gym membership,Health
Maxicare expense,Health
dental cleaning,Health
Mercury Drug,Health
laboratory test,Health
Medicard expense,Health
Maxicare expense,Health
dental cleaning,Health
monthly Maxicare payment,Health
vitamins at Generika,Health
gym membership,Health
gamot in davao,Health
dental cleaning at Southstar Drug,Health
dental cleaning at Medicard,Health
paid Mercury Drug gym membership,Health
Medicard expense,Health
Anytime Fitness,Health
paid Anytime Fitness checkup,Health
dental cleaning,Health
gamot in davao,Health
medicine at Mercury Drug,Health
doctor consultation at Mercury Drug,Health
Medicard gamot,Health
Anytime Fitness today,Health
Anytime Fitness checkup,Health
monthly Generika payment,Health
gamot at Southstar Drug,Health
Medicard laboratory test,Health
paid Medicard checkup,Health
bought laboratory test from Anytime Fitness,Health
Medicard expense,Health
bought checkup from Generika,Health
Maxicare expense,Health
Mercury Drug today,Health
bought vitamins from Generika,Health
Southstar Drug medicine,Health
laboratory test,Health
vitamins in davao,Health
Generika expense,Health
paid Maxicare gamot,Health
bought vitamins from Southstar Drug,Health
Generika gym membership,Health
doctor consultation in davao,Health
medicine,Health
Medicard laboratory test,Health
bought vitamins from Medicard,Health
Generika,Health
Maxicare today,Health
Maxicare dental cleaning,Health
monthly Generika payment,Health
Generika,Health
paid Maxicare gym membership,Health
dental cleaning at Medicard,Health
bought doctor consultation from Maxicare,Health
Southstar Drug dental cleaning,Health
gamot at Mercury Drug,Health
monthly Generika payment,Health
bought laboratory test from Generika,Health
vitamins,Health
bought gym membership from Maxicare,Health
doctor consultation in davao,Health
bought gym membership from Southstar Drug,Health
Anytime Fitness today,Health
Anytime Fitness today,Health
paid Generika vitamins,Health
paid Maxicare doctor consultation,Health
gamot,Health
monthly Anytime Fitness payment,Health
gamot in davao,Health
Medicard expense,Health
dental cleaning in davao,Health
paid Maxicare doctor consultation,Health
Southstar Drug expense,Health
doctor consultation at Southstar Drug,Health
Generika today,Health
Generika today,Health
Mercury Drug gamot,Health
Mercury Drug laboratory test,Health
checkup in davao,Health
Southstar Drug doctor consultation,Health
Medicard today,Health
bought laboratory test from Medicard,Health
Medicard gym membership,Health
Maxicare,Health
checkup,Health
checkup in davao,Health
bought vitamins from Mercury Drug,Health
Anytime Fitness expense,Health
bought doctor consultation from Generika,Health
Medicard,Health
bought dental cleaning from Southstar Drug,Health
monthly Anytime Fitness payment,Health
Medicard today,Health
Anytime Fitness today,Health
monthly Generika payment,Health
gym membership at Medicard,Health
Generika today,Health
paid Medicard doctor consultation,Health
checkup in davao,Health
checkup in davao,Health
checkup in davao,Health
Generika today,Health
monthly Generika payment,Health
dental cleaning,Health
Generika medicine,Health
gamot at Maxicare,Health
Anytime Fitness doctor consultation,Health
gym membership,Health
vitamins in davao,Health
gym membership at Southstar Drug,Health
checkup,Health
Mercury Drug,Health
Medicard today,Health
bought gamot from Mercury Drug,Health
monthly Maxicare payment,Health
Maxicare checkup,Health
monthly Southstar Drug payment,Health
monthly Mercury Drug payment,Health
monthly Mercury Drug payment,Health
paid Maxicare gym membership,Health
bought vitamins from Anytime Fitness,Health
Southstar Drug,Health
Anytime Fitness gamot,Health
gym membership,Health
Anytime Fitness,Health
vitamins at Maxicare,Health
gamot in davao,Health
Maxicare gamot,Health
gamot in davao,Health
Southstar Drug doctor consultation,Health
bought vitamins from Generika,Health
laboratory test in davao,Health
dental cleaning,Health
dental cleaning,Health
paid Southstar Drug vitamins,Health
paid Generika checkup,Health
doctor consultation,Health
dental cleaning at Medicard,Health
Medicard vitamins,Health
Anytime Fitness today,Health
gym membership in davao,Health
checkup at Southstar Drug,Health
Southstar Drug today,Health
Maxicare doctor consultation,Health
doctor consultation at Anytime Fitness,Health
Medicard,Health
vitamins at Generika,Health
doctor consultation in davao,Health
Anytime Fitness today,Health
paid Generika checkup,Health
gym membership,Health
monthly Anytime Fitness payment,Health
Maxicare today,Health
laboratory test in davao,Health
monthly Generika payment,Health
gamot,Health
monthly Mercury Drug payment,Health
laboratory test,Health
Mercury Drug today,Health
gamot at Generika,Health
Medicard,Health
gamot,Health
Anytime Fitness vitamins,Health
bought laboratory test from Anytime Fitness,Health
Medicard,Health
Mercury Drug today,Health
Medicard expense,Health
Medicard,Health
Mercury Drug,Health
Mercury Drug today,Health
monthly Mercury Drug payment,Health
monthly Mercury Drug payment,Health
Medicard today,Health
Mercury Drug expense,Health
Maxicare,Health
bought dental cleaning from Anytime Fitness,Health
Mercury Drug today,Health
vitamins,Health
Medicard expense,Health
checkup at Medicard,Health
Southstar Drug doctor consultation,Health
Medicard,Health
medicine at Mercury Drug,Health
bought dental cleaning from Generika,Health
paid Mercury Drug doctor consultation,Health
paid Medicard gamot,Health
bought gym membership from Maxicare,Health
Generika today,Health
Southstar Drug expense,Health
Maxicare laboratory test,Health
Generika,Health
paid Anytime Fitness dental cleaning,Health
checkup,Health
Southstar Drug expense,Health
bought doctor consultation from Maxicare,Health
Maxicare today,Health
Medicard dental cleaning,Health
monthly Southstar Drug payment,Health
paid Maxicare medicine,Health
Anytime Fitness expense,Health
Southstar Drug checkup,Health
Mercury Drug medicine,Health
Mercury Drug today,Health
Mercury Drug,Health
bought doctor consultation from Medicard,Health
monthly Mercury Drug payment,Health
bought laboratory test from Maxicare,Health
Anytime Fitness gamot,Health
bought gamot from Maxicare,Health
Generika vitamins,Health
Generika vitamins,Health
laboratory test,Health
doctor consultation in davao,Health
Maxicare expense,Health
paid Generika dental cleaning,Health
Anytime Fitness gamot,Health
monthly Medicard payment,Health
paid Anytime Fitness medicine,Health
Maxicare today,Health
checkup,Health
Anytime Fitness gym membership,Health
Maxicare doctor consultation,Health
bought gamot from Mercury Drug,Health
doctor consultation in davao,Health
Southstar Drug expense,Health
vitamins,Health
gym membership at Anytime Fitness,Health
doctor consultation at Generika,Health
paid Southstar Drug doctor consultation,Health
Generika today,Health
monthly Maxicare payment,Health
bought laboratory test from Anytime Fitness,Health
bought vitamins from Generika,Health
Mercury Drug gamot,Health
Maxicare expense,Health
movie ticket,Other
bought donation from Steam,Other
concert ticket,Other
MLhuillier expense,Other
paid MLhuillier donation,Other
University today,Other
movie ticket at Steam,Other
monthly SM Cinema payment,Other
tuition fee,Other
GCash concert ticket,Other
SM Cinema,Other
bought tuition fee from Steam,Other
paid GCash game purchase,Other
Codashop today,Other
concert ticket,Other
paid GCash movie ticket,Other
University today,Other
GCash donation,Other
Steam expense,Other
bought remittance from SM Cinema,Other
bought game purchase from MLhuillier,Other
University,Other
movie ticket at MLhuillier,Other
monthly SM Cinema payment,Other
MLhuillier,Other
paid MLhuillier remittance,Other
game purchase,Other
University expense,Other
University,Other
movie ticket in davao,Other
tuition fee in davao,Other
MLhuillier,Other
monthly Steam payment,Other
school project at MLhuillier,Other
MLhuillier,Other
Codashop,Other
MLhuillier,Other
Codashop expense,Other
Codashop,Other
MLhuillier,Other
bought game purchase from Codashop,Other
donation in davao,Other
concert ticket at SM Cinema,Other
remittance,Other
SM Cinema,Other
University game purchase,Other
monthly Maya payment,Other
MLhuillier,Other
paid Steam tuition fee,Other
tuition fee,Other
MLhuillier remittance,Other
monthly GCash payment,Other
monthly University payment,Other
GCash,Other
SM Cinema,Other
SM Cinema today,Other
SM Cinema expense,Other
MLhuillier,Other
game purchase in davao,Other
paid SM Cinema movie ticket,Other
monthly MLhuillier payment,Other
monthly Codashop payment,Other
monthly Steam payment,Other
school project at MLhuillier,Other
monthly Steam payment,Other
bought school project from Maya,Other
Maya expense,Other
school project at University,Other
monthly Codashop payment,Other
GCash,Other
movie ticket at Codashop,Other
monthly GCash payment,Other
donation,Other
donation,Other
SM Cinema,Other
SM Cinema expense,Other
MLhuillier donation,Other
paid Maya concert ticket,Other
University expense,Other
donation at Codashop,Other
school project in davao,Other
monthly Maya payment,Other
monthly MLhuillier payment,Other
MLhuillier concert ticket,Other
school project in davao,Other
Maya expense,Other
monthly SM Cinema payment,Other
paid Maya school project,Other
movie ticket at GCash,Other
paid SM Cinema donation,Other
bought tuition fee from MLhuillier,Other
monthly Maya payment,Other
bought school project from SM Cinema,Other
MLhuillier today,Other
school project,Other
MLhuillier today,Other
concert ticket,Other
movie ticket,Other
concert ticket in davao,Other
game purchase at University,Other
bought remittance from Maya,Other
Maya expense,Other
SM Cinema,Other
Codashop,Other
MLhuillier,Other
monthly GCash payment,Other
SM Cinema tuition fee,Other
SM Cinema,Other
MLhuillier,Other
University expense,Other
MLhuillier expense,Other
Maya today,Other
University today,Other
donation,Other
University,Other
paid Codashop game purchase,Other
monthly MLhuillier payment,Other
school project in davao,Other
Steam expense,Other
University expense,Other
donation,Other
MLhuillier today,Other
movie ticket in davao,Other
MLhuillier expense,Other
MLhuillier,Other
concert ticket,Other
paid Codashop movie ticket,Other
Codashop today,Other
school project at Maya,Other
bought concert ticket from Steam,Other
GCash expense,Other
SM Cinema expense,Other
paid GCash tuition fee,Other
school project at MLhuillier,Other
school project at University,Other
University concert ticket,Other
University school project,Other
school project,Other
paid Codashop game purchase,Other
monthly University payment,Other
monthly Maya payment,Other
paid Codashop concert ticket,Other
MLhuillier,Other
Steam expense,Other
SM Cinema today,Other
Codashop,Other
concert ticket in davao,Other
remittance,Other
remittance in davao,Other
donation,Other
University,Other
monthly GCash payment,Other
monthly Maya payment,Other
paid MLhuillier tuition fee,Other
bought donation from University,Other
Maya expense,Other
remittance in davao,Other
bought movie ticket from GCash,Other
paid University remittance,Other
bought donation from Maya,Other
Steam expense,Other
tuition fee,Other
paid University movie ticket,Other
SM Cinema today,Other
remittance in davao,Other
Codashop expense,Other
movie ticket at University,Other
movie ticket in davao,Other
bought remittance from MLhuillier,Other
movie ticket in davao,Other
Maya remittance,Other
monthly Steam payment,Other
paid MLhuillier school project,Other
concert ticket,Other
bought game purchase from SM Cinema,Other
Codashop movie ticket,Other
bought tuition fee from SM Cinema,Other
University expense,Other
monthly Steam payment,Other
monthly SM Cinema payment,Other
Steam remittance,Other
monthly University payment,Other
MLhuillier expense,Other
Codashop today,Other
Steam,Other
SM Cinema expense,Other
monthly Maya payment,Other
game purchase at Codashop,Other
donation at Maya,Other
GCash remittance,Other
bought donation from Steam,Other
MLhuillier expense,Other
concert ticket,Other
Maya concert ticket,Other
paid SM Cinema game purchase,Other
remittance in davao,Other
paid Steam game purchase,Other
Steam remittance,Other
Steam today,Other
SM Cinema,Other
SM Cinema,Other
Codashop expense,Other
donation at Maya,Other
GCash expense,Other
paid Steam tuition fee,Other
Steam today,Other
GCash today,Other
tuition fee at Codashop,Other
GCash expense,Other
donation,Other
Steam expense,Other
remittance at Steam,Other
donation at GCash,Other
bought concert ticket from University,Other
remittance,Other
University,Other
Maya donation,Other
MLhuillier,Other
monthly SM Cinema payment,Other
monthly SM Cinema payment,Other
monthly GCash payment,Other
Codashop,Other
paid University movie ticket,Other
paid Steam game purchase,Other
concert ticket at Maya,Other
Codashop today,Other
University donation,Other
movie ticket in davao,Other
monthly GCash payment,Other
game purchase at Codashop,Other
paid SM Cinema concert ticket,Other
GCash remittance,Other
SM Cinema expense,Other
Maya,Other
paid MLhuillier donation,Other
Codashop movie ticket,Other
Maya today,Other
monthly MLhuillier payment,Other
game purchase,Other
monthly MLhuillier payment,Other
remittance at University,Other
remittance at Steam,Other
game purchase at MLhuillier,Other
Maya today,Other
GCash today,Other
movie ticket in davao,Other
Steam,Other
monthly MLhuillier payment,Other
paid Codashop game purchase,Other
Steam school project,Other
monthly Codashop payment,Other
Codashop expense,Other
bought remittance from MLhuillier,Other
concert ticket,Other
Codashop,Other
remittance at Codashop,Other
school project in davao,Other
paid GCash remittance,Other
game purchase,Other
MLhuillier today,Other
game purchase at Steam,Other
paid MLhuillier school project,Other
concert ticket in davao,Other
tuition fee at Maya,Other
SM Cinema,Other
paid Maya remittance,Other
Steam expense,Other
concert ticket,Other
school project at University,Other
Maya today,Other
bought donation from GCash,Other
paid MLhuillier concert ticket,Other
GCash tuition fee,Other
University expense,Other
concert ticket in davao,Other
paid Codashop game purchase,Other
bought tuition fee from SM Cinema,Other
monthly Steam payment,Other
movie ticket at Maya,Other
tuition fee at MLhuillier,Other
paid Maya remittance,Other
University today,Other
paid Codashop donation,Other
paid Steam donation,Other
Codashop today,Other
paid SM Cinema remittance,Other
bought school project from Steam,Other
concert ticket in davao,Other
movie ticket at Steam,Other
movie ticket at MLhuillier,Other
donation in davao,Other
concert ticket at Steam,Other
monthly Codashop payment,Other
monthly Codashop payment,Other
movie ticket in davao,Other
concert ticket,Other
game purchase at Codashop,Other
MLhuillier school project,Other
paid Steam game purchase,Other
school project in davao,Other
GCash,Other
Codashop,Other
game purchase in davao,Other
bought movie ticket from University,Other
concert ticket at GCash,Other
monthly Codashop payment,Other
bought tuition fee from University,Other
bought concert ticket from MLhuillier,Other
paid Codashop concert ticket,Other
MLhuillier,Other
SM Cinema today,Other
donation at Codashop,Other
school project at University,Other
donation at Steam,Other
monthly Codashop payment,Other
Codashop,Other
Maya expense,Other
donation at Steam,Other
game purchase,Other
monthly MLhuillier payment,Other
Steam today,Other
MLhuillier concert ticket,Other
school project at MLhuillier,Other
Maya today,Other
paid University school project,Other
Maya,Other
movie ticket,Other
donation,Other
University,Other
bought donation from MLhuillier,Other
concert ticket,Other
Codashop expense,Other
paid GCash school project,Other
school project,Other
monthly SM Cinema payment,Other
movie ticket at Codashop,Other
Maya,Other
game purchase in davao,Other
donation in davao,Other
University,Other
Codashop game purchase,Other
GCash expense,Other
movie ticket,Other
Steam,Other
Codashop expense,Other
SM Cinema today,Other
bought school project from GCash,Other
tuition fee,Other
remittance,Other
monthly Codashop payment,Other
monthly Maya payment,Other
monthly MLhuillier payment,Other
paid GCash donation,Other
monthly GCash payment,Other
game purchase,Other
donation in davao,Other
Codashop expense,Other
MLhuillier school project,Other
Steam expense,Other
University,Other
bought donation from Codashop,Other
game purchase at Codashop,Other
game purchase at Codashop,Other
concert ticket at Codashop,Other
bought concert ticket from SM Cinema,Other
paid University tuition fee,Other
Codashop donation,Other
Codashop expense,Other
University today,Other
Maya game purchase,Other
monthly MLhuillier payment,Other
monthly MLhuillier payment,Other
game purchase at Codashop,Other
Codashop tuition fee,Other
Steam expense,Other
tuition fee at Maya,Other
monthly University payment,Other
monthly Maya payment,Other
Steam today,Other
game purchase,Other
Codashop,Other
GCash expense,Other
paid Codashop donation,Other
movie ticket at MLhuillier,Other
paid GCash donation,Other
paid University school project,Other
monthly Maya payment,Other
remittance,Other
Steam school project,Other
SM Cinema today,Other
SM Cinema today,Other
school project,Other
monthly SM Cinema payment,Other
bought game purchase from MLhuillier,Other
paid Maya donation,Other
University expense,Other
donation at SM Cinema,Other
monthly GCash payment,Other
paid Maya remittance,Other
donation,Other
Steam today,Other
MLhuillier,Other
Codashop,Other
GCash expense,Other
Maya today,Other
paid University school project,Other
Maya expense,Other
MLhuillier today,Other
bought game purchase from Steam,Other
monthly Maya payment,Other
SM Cinema,Other
donation at SM Cinema,Other
Codashop expense,Other
bought movie ticket from Steam,Other
Steam,Other
SM Cinema expense,Other
bought school project from SM Cinema,Other
bought game purchase from Maya,Other
monthly SM Cinema payment,Other
remittance at Codashop,Other
concert ticket in davao,Other
movie ticket in davao,Other
concert ticket at MLhuillier,Other
Maya,Other
remittance at MLhuillier,Other
University today,Other
donation in davao,Other
monthly Maya payment,Other
Codashop expense,Other
movie ticket at University,Other
Maya expense,Other
University expense,Other
bought tuition fee from Codashop,Other
concert ticket at GCash,Other
Steam,Other
Codashop today,Other
GCash movie ticket,Other
MLhuillier,Other
movie ticket in davao,Other
school project in davao,Other
movie ticket in davao,Other
movie ticket,Other
paid University donation,Other
remittance in davao,Other
Steam expense,Other
Maya remittance,Other
paid GCash school project,Other
remittance at MLhuillier,Other
paid Steam tuition fee,Other
remittance in davao,Other
MLhuillier remittance,Other
Codashop expense,Other
tuition fee,Other
Steam movie ticket,Other
bought game purchase from SM Cinema,Other
concert ticket in davao,Other
GCash,Other
Steam expense,Other
GCash donation,Other
remittance in davao,Other
school project at University,Other
game purchase at MLhuillier,Other
paid GCash remittance,Other
concert ticket,Other
University today,Other
Maya today,Other
remittance at Codashop,Other
Maya expense,Other
Steam tuition fee,Other
SM Cinema expense,Other
Maya remittance,Other
tuition fee,Other
bought donation from University,Other
Maya today,Other
bought remittance from Codashop,Other
SM Cinema movie ticket,Other
bought game purchase from Codashop,Other
Steam school project,Other
bought concert ticket from MLhuillier,Other
University today,Other
paid SM Cinema movie ticket,Other
University,Other
bought concert ticket from MLhuillier,Other
donation in davao,Other
concert ticket in davao,Other
concert ticket,Other
MLhuillier expense,Other
remittance at MLhuillier,Other
paid Maya remittance,Other
donation at MLhuillier,Other
movie ticket at Maya,Other
Codashop today,Other
monthly MLhuillier payment,Other
SM Cinema,Other
game purchase in davao,Other
Codashop,Other
paid MLhuillier remittance,Other
movie ticket at University,Other
Steam expense,Other
game purchase at MLhuillier,Other
MLhuillier today,Other
University game purchase,Other
University movie ticket,Other
SM Cinema,Other
Codashop today,Other
University,Other
GCash concert ticket,Other
remittance at University,Other
University,Other
tuition fee in davao,Other
bought game purchase from Maya,Other
Maya,Other
school project in davao,Other
concert ticket,Other
tuition fee,Other
bought donation from MLhuillier,Other
MLhuillier today,Other
donation,Other
paid MLhuillier tuition fee,Other
Steam expense,Other
Maya,Other
bought movie ticket from Steam,Other
GCash expense,Other
Steam,Other
GCash,Other
paid SM Cinema game purchase,Other
SM Cinema,Other
MLhuillier,Other
donation,Other
paid SM Cinema remittance,Other
paid Steam school project,Other
remittance in davao,Other
movie ticket at University,Other
game purchase,Other
remittance in davao,Other
remittance at Maya,Other
Maya expense,Other
remittance at Maya,Other
SM Cinema,Other
MLhuillier,Other
SM Cinema,Other
bought game purchase from MLhuillier,Other
game purchase,Other
school project at University,Other
bought game purchase from Steam,Other
monthly Steam payment,Other
game purchase at Codashop,Other
game purchase at Steam,Other
donation at Codashop,Other
concert ticket in davao,Other
paid Maya concert ticket,Other
remittance in davao,Other
University,Other
paid University remittance,Other
GCash expense,Other
Codashop,Other
paid SM Cinema game purchase,Other
concert ticket at GCash,Other
monthly Maya payment,Other
Codashop tuition fee,Other
GCash,Other
Maya expense,Other
donation at Codashop,Other
school project,Other
bought movie ticket from Codashop,Other
University today,Other
GCash game purchase,Other
GCash expense,Other
tuition fee at University,Other
Steam,Other
MLhuillier,Other
movie ticket in davao,Other
donation,Other
tuition fee in davao,Other
Codashop,Other
tuition fee in davao,Other
bought game purchase from GCash,Other
GCash today,Other
Codashop expense,Other
tuition fee in davao,Other
remittance,Other
Steam expense,Other
donation,Other
Steam school project,Other
remittance in davao,Other
monthly Steam payment,Other
school project,Other
Steam,Other
bought concert ticket from GCash,Other
paid University movie ticket,Other
Steam today,Other
bought concert ticket from SM Cinema,Other
bought concert ticket from SM Cinema,Other
Steam expense,Other
University today,Other
monthly Maya payment,Other
movie ticket in davao,Other
game purchase in davao,Other
monthly Maya payment,Other
movie ticket at Codashop,Other
GCash today,Other
Codashop,Other
GCash today,Other
school project at Steam,Other
Codashop,Other
paid Steam tuition fee,Other
Steam game purchase,Other
University movie ticket,Other
donation at Steam,Other
movie ticket,Other
Codashop today,Other
monthly MLhuillier payment,Other
paid SM Cinema tuition fee,Other
game purchase,Other
Steam today,Other
movie ticket in davao,Other
Codashop expense,Other
Codashop today,Other
monthly University payment,Other
bought school project from MLhuillier,Other
bought donation from University,Other
Codashop remittance,Other
donation in davao,Other
University expense,Other
University expense,Other
remittance at Codashop,Other
game purchase,Other
Codashop,Other
monthly Steam payment,Other
monthly University payment,Other
Maya,Other
game purchase,Other
GCash,Other
GCash,Other
monthly SM Cinema payment,Other
monthly SM Cinema payment,Other
University tuition fee,Other
SM Cinema today,Other
University today,Other
bought tuition fee from GCash,Other
monthly Maya payment,Other
school project,Other
remittance at Steam,Other
Codashop concert ticket,Other
GCash expense,Other
game purchase at SM Cinema,Other
monthly Maya payment,Other
MLhuillier expense,Other
paid University school project,Other
game purchase at GCash,Other
monthly Steam payment,Other
donation in davao,Other
game purchase,Other
concert ticket in davao,Other
paid Maya school project,Other
bought donation from Steam,Other
bought tuition fee from GCash,Other
tuition fee in davao,Other
monthly Maya payment,Other
donation in davao,Other
Codashop,Other
University remittance,Other
MLhuillier,Other
paid SM Cinema school project,Other
donation at GCash,Other
monthly University payment,Other
Maya game purchase,Other
concert ticket in davao,Other
Steam donation,Other
paid MLhuillier tuition fee,Other
monthly MLhuillier payment,Other
Steam expense,Other
school project at GCash,Other
tuition fee in davao,Other
tuition fee at University,Other
Maya concert ticket,Other
remittance,Other
Maya expense,Other
MLhuillier,Other
paid Steam school project,Other
paid GCash concert ticket,Other
Steam,Other
SM Cinema today,Other
donation in davao,Other
remittance,Other
donation at University,Other
bought school project from Maya,Other
MLhuillier today,Other
tuition fee at Steam,Other
SM Cinema today,Other
SM Cinema,Other
school project,Other
school project in davao,Other
donation,Other
bought concert ticket from GCash,Other
GCash expense,Other
school project in davao,Other
tuition fee in davao,Other
University today,Other
paid GCash donation,Other
University today,Other
MLhuillier,Other
concert ticket,Other
remittance at Maya,Other
concert ticket,Other
MLhuillier school project,Other
monthly University payment,Other
bought game purchase from GCash,Other
school project in davao,Other
GCash tuition fee,Other
University expense,Other
University,Other
paid SM Cinema movie ticket,Other
bought remittance from Steam,Other
MLhuillier,Other
Maya,Other
GCash expense,Other
monthly MLhuillier payment,Other
GCash expense,Other
movie ticket,Other
bought movie ticket from Codashop,Other
GCash movie ticket,Other
tuition fee,Other
Codashop today,Other
donation in davao,Other
Maya expense,Other
school project,Other
SM Cinema concert ticket,Other
Steam expense,Other
monthly Maya payment,Other
tuition fee at University,Other
University school project,Other
MLhuillier expense,Other
concert ticket at University,Other
remittance,Other
paid GCash donation,Other
Codashop remittance,Other
monthly Steam payment,Other
remittance at GCash,Other
bought concert ticket from Steam,Other
movie ticket,Other
monthly Codashop payment,Other
University movie ticket,Other
University expense,Other
donation in davao,Other
University today,Other
paid Maya game purchase,Other
concert ticket at SM Cinema,Other
bought donation from Codashop,Other
Codashop concert ticket,Other
game purchase in davao,Other
monthly MLhuillier payment,Other
game purchase in davao,Other
tuition fee at MLhuillier,Other
tuition fee,Other
monthly Codashop payment,Other
paid SM Cinema school project,Other
monthly SM Cinema payment,Other
donation,Other
GCash expense,Other
Codashop,Other
concert ticket in davao,Other
school project in davao,Other
Steam expense,Other
MLhuillier today,Other
University expense,Other
monthly GCash payment,Other
remittance at GCash,Other
bought school project from GCash,Other
MLhuillier tuition fee,Other
Maya,Other
tuition fee in davao,Other
bought concert ticket from University,Other
University,Other
tuition fee,Other
remittance in davao,Other
Codashop expense,Other
Maya,Other
MLhuillier game purchase,Other
monthly GCash payment,Other
game purchase in davao,Other
school project at SM Cinema,Other
Maya,Other
bought movie ticket from SM Cinema,Other
University concert ticket,Other
paid Codashop school project,Other
game purchase in davao,Other
Maya today,Other
bought game purchase from SM Cinema,Other
bought remittance from University,Other
paid SM Cinema donation,Other
bought school project from University,Other
game purchase at MLhuillier,Other
MLhuillier tuition fee,Other
SM Cinema game purchase,Other
movie ticket in davao,Other
concert ticket in davao,Other
bought movie ticket from SM Cinema,Other
University,Other
school project in davao,Other
paid Steam school project,Other
donation,Other
bought concert ticket from Codashop,Other
paid Maya school project,Other
donation at MLhuillier,Other
Maya school project,Other
GCash expense,Other
bought school project from Codashop,Other
Steam tuition fee,Other
tuition fee,Other
Steam tuition fee,Other
Maya,Other
bought remittance from University,Other
Codashop expense,Other
Codashop today,Other
Codashop expense,Other
bought game purchase from Codashop,Other
paid SM Cinema game purchase,Other
Codashop game purchase,Other
school project,Other
tuition fee,Other
Steam today,Other
concert ticket,Other
paid SM Cinema tuition fee,Other
Steam,Other
University expense,Other
tuition fee at Steam,Other
monthly Maya payment,Other
movie ticket at GCash,Other
Maya today,Other
paid Steam movie ticket,Other
remittance in davao,Other
tuition fee in davao,Other
school project,Other
GCash concert ticket,Other
Codashop,Other
GCash remittance,Other
school project at GCash,Other
University expense,Other
Maya,Other
University today,Other
bought school project from Codashop,Other
monthly Steam payment,Other
school project at Steam,Other
bought concert ticket from MLhuillier,Other
Maya today,Other
school project in davao,Other
Codashop today,Other
University concert ticket,Other
concert ticket,Other
monthly GCash payment,Other
paid Maya game purchase,Other
GCash expense,Other
bought school project from University,Other
concert ticket in davao,Other
game purchase in davao,Other
Maya,Other
bought school project from SM Cinema,Other
GCash,Other
GCash,Other
monthly GCash payment,Other
bought remittance from GCash,Other
Maya,Other
school project in davao,Other
school project in davao,Other
University today,Other
University remittance,Other
monthly SM Cinema payment,Other
movie ticket,Other
bought concert ticket from University,Other
University,Other
monthly SM Cinema payment,Other
school project,Other
Codashop,Other
tuition fee,Other
MLhuillier remittance,Other
GCash game purchase,Other
concert ticket in davao,Other
paid MLhuillier remittance,Other
paid SM Cinema remittance,Other
Maya,Other
GCash concert ticket,Other
Steam,Other
GCash today,Other
monthly Steam payment,Other
MLhuillier,Other
movie ticket in davao,Other
bought remittance from University,Other
school project in davao,Other
bought remittance from University,Other
University expense,Other
monthly Maya payment,Other
paid MLhuillier game purchase,Other
paid SM Cinema movie ticket,Other
Maya,Other
tuition fee in davao,Other
school project at University,Other
concert ticket at GCash,Other
Steam today,Other
monthly MLhuillier payment,Other
remittance in davao,Other
monthly SM Cinema payment,Other
Codashop today,Other
paid Codashop remittance,Other
SM Cinema today,Other
Codashop today,Other
Codashop concert ticket,Other
movie ticket in davao,Other
Codashop remittance,Other
concert ticket,Other
remittance,Other
bought remittance from SM Cinema,Other
monthly Maya payment,Other
game purchase at SM Cinema,Other
concert ticket in davao,Other
Codashop today,Other
school project in davao,Other
remittance at SM Cinema,Other
tuition fee at GCash,Other
school project at MLhuillier,Other
University expense,Other
concert ticket in davao,Other
GCash,Other
movie ticket at MLhuillier,Other
school project at Steam,Other
tuition fee in davao,Other
monthly University payment,Other
Steam expense,Other
SM Cinema,Other
paid GCash movie ticket,Other
Codashop today,Other
paid MLhuillier remittance,Other
monthly GCash payment,Other
paid GCash donation,Other
Steam game purchase,Other
Maya remittance,Other
bought remittance from MLhuillier,Other
GCash today,Other
Codashop,Other
paid MLhuillier game purchase,Other
game purchase,Other
paid Steam concert ticket,Other
monthly University payment,Other
monthly MLhuillier payment,Other
monthly Steam payment,Other
MLhuillier today,Other
movie ticket at MLhuillier,Other
Maya expense,Other
concert ticket at Codashop,Other
paid MLhuillier remittance,Other
tuition fee in davao,Other
GCash,Other
University,Other
SM Cinema donation,Other
bought concert ticket from University,Other
monthly Maya payment,Other
University donation,Other
Codashop today,Other
University expense,Other
Codashop,Other
tuition fee in davao,Other
GCash expense,Other
GCash tuition fee,Other
concert ticket,Other
school project in davao,Other
monthly University payment,Other
game purchase,Other
remittance,Other
bought movie ticket from SM Cinema,Other
movie ticket in davao,Other
SM Cinema,Other
game purchase at Codashop,Other
Steam today,Other
paid Codashop remittance,Other
Maya remittance,Other
school project,Other
Codashop movie ticket,Other
Maya remittance,Other
tuition fee,Other
Maya today,Other
Maya today,Other
University,Other
MLhuillier school project,Other
bought concert ticket from Codashop,Other
remittance at Codashop,Other
MLhuillier,Other
monthly University payment,Other
bought movie ticket from University,Other
SM Cinema expense,Other
paid SM Cinema donation,Other
remittance at SM Cinema,Other
MLhuillier movie ticket,Other
GCash,Other
game purchase,Other
Codashop expense,Other
movie ticket,Other
tuition fee at Maya,Other
GCash expense,Other
movie ticket in davao,Other
remittance at MLhuillier,Other
tuition fee in davao,Other
monthly GCash payment,Other
GCash,Other
school project in davao,Other
monthly GCash payment,Other
bought concert ticket from SM Cinema,Other
game purchase in davao,Other
monthly MLhuillier payment,Other
monthly Maya payment,Other
movie ticket at University,Other
movie ticket at Steam,Other
bought movie ticket from University,Other
concert ticket in davao,Other
MLhuillier game purchase,Other
MLhuillier,Other
paid Steam movie ticket,Other
Codashop tuition fee,Other
Steam,Other
bought game purchase from University,Other
tuition fee at GCash,Other
GCash school project,Other
Codashop expense,Other
tuition fee,Other
school project at GCash,Other
monthly MLhuillier payment,Other
Codashop movie ticket,Other
monthly SM Cinema payment,Other
monthly MLhuillier payment,Other
SM Cinema expense,Other
paid MLhuillier remittance,Other
paid Maya movie ticket,Other
remittance in davao,Other
remittance at Codashop,Other
Maya today,Other
Maya expense,Other
school project at Steam,Other
MLhuillier today,Other
paid Codashop tuition fee,Other
GCash today,Other
University today,Other
GCash today,Other
bought concert ticket from GCash,Other
GCash concert ticket,Other
GCash concert ticket,Other
bought game purchase from Maya,Other
game purchase in davao,Other
paid Codashop school project,Other
monthly Codashop payment,Other
Steam today,Other
paid SM Cinema movie ticket,Other
donation,Other
remittance,Other
Steam,Other
bought concert ticket from SM Cinema,Other
bought donation from MLhuillier,Other
Codashop expense,Other
bought school project from Maya,Other
Maya today,Other
paid MLhuillier school project,Other
Codashop,Other
game purchase at University,Other
University expense,Other
Maya today,Other
Maya movie ticket,Other
movie ticket,Other
monthly Codashop payment,Other
bought game purchase from Codashop,Other
SM Cinema expense,Other
concert ticket,Other
Codashop expense,Other
bought remittance from GCash,Other
SM Cinema,Other
University expense,Other
MLhuillier,Other
MLhuillier donation,Other
paid Codashop concert ticket,Other
paid GCash game purchase,Other
paid SM Cinema game purchase,Other
bought remittance from University,Other
Maya today,Other
donation at Steam,Other
donation in davao,Other
GCash,Other
GCash movie ticket,Other
University game purchase,Other
monthly GCash payment,Other
Steam,Other
monthly SM Cinema payment,Other
game purchase in davao,Other
GCash game purchase,Other
MLhuillier today,Other
remittance at MLhuillier,Other
GCash,Other
game purchase in davao,Other
bought remittance from University,Other
game purchase,Other
monthly Steam payment,Other
Codashop tuition fee,Other
Steam tuition fee,Other
monthly GCash payment,Other
monthly Maya payment,Other
movie ticket at University,Other
bought remittance from Steam,Other
monthly SM Cinema payment,Other
bought tuition fee from Codashop,Other
Steam today,Other
paid University donation,Other
movie ticket at Maya,Other
Codashop expense,Other
Maya today,Other
tuition fee,Other
Steam today,Other
SM Cinema expense,Other
paid MLhuillier remittance,Other
GCash,Other
school project in davao,Other
Codashop,Other
remittance at Steam,Other
Codashop today,Other
movie ticket at Codashop,Other
Steam expense,Other
SM Cinema,Other
Steam expense,Other
donation at Steam,Other
Maya today,Other
Codashop school project,Other
Steam today,Other
school project in davao,Other
paid GCash remittance,Other
bought concert ticket from Steam,Other
tuition fee in davao,Other
school project at Codashop,Other
SM Cinema today,Other
concert ticket at SM Cinema,Other
tuition fee at MLhuillier,Other
GCash today,Other
Codashop,Other
concert ticket in davao,Other
tuition fee,Other
SM Cinema school project,Other
donation,Other
Steam remittance,Other
monthly University payment,Other
University today,Other
MLhuillier,Other
Codashop today,Other
concert ticket at MLhuillier,Other
bought concert ticket from SM Cinema,Other
game purchase in davao,Other
donation at SM Cinema,Other
monthly GCash payment,Other
MLhuillier tuition fee,Other
Steam today,Other
bought tuition fee from GCash,Other
Codashop,Other
paid University remittance,Other
donation in davao,Other
Codashop,Other
tuition fee at Steam,Other
University expense,Other
Maya today,Other
Maya today,Other
bought game purchase from GCash,Other
Codashop tuition fee,Other
donation at Steam,Other
SM Cinema,Other
Steam expense,Other
SM Cinema expense,Other
donation at University,Other
movie ticket at SM Cinema,Other
remittance at Steam,Other
Codashop donation,Other
bought remittance from GCash,Other
Codashop tuition fee,Other
remittance at MLhuillier,Other
paid Maya school project,Other
school project,Other
bought game purchase from MLhuillier,Other
tuition fee in davao,Other
tuition fee in davao,Other
GCash expense,Other
game purchase,Other
bought remittance from Codashop,Other
game purchase at Maya,Other
school project in davao,Other
monthly University payment,Other
monthly GCash payment,Other
donation,Other
Codashop,Other
game purchase in davao,Other
bought donation from MLhuillier,Other
remittance in davao,Other
monthly MLhuillier payment,Other
Steam today,Other
SM Cinema today,Other
concert ticket at GCash,Other
bought school project from University,Other
Steam today,Other
paid Steam movie ticket,Other
GCash donation,Other
concert ticket at Codashop,Other
Codashop today,Other
MLhuillier,Other
paid Maya remittance,Other
Maya,Other
bought tuition fee from MLhuillier,Other
University today,Other
game purchase,Other
paid SM Cinema game purchase,Other
GCash,Other
school project in davao,Other
MLhuillier,Other
remittance,Other
GCash donation,Other
remittance at Steam,Other
Codashop today,Other
monthly SM Cinema payment,Other
GCash today,Other
tuition fee at University,Other
paid SM Cinema concert ticket,Other
concert ticket in davao,Other
movie ticket at GCash,Other
game purchase in davao,Other
University expense,Other
game purchase,Other
game purchase in davao,Other
Maya game purchase,Other
GCash today,Other
game purchase at University,Other
GCash,Other
Codashop today,Other
Codashop today,Other
Steam movie ticket,Other
bought remittance from University,Other
Maya today,Other
University,Other
University,Other
University expense,Other
SM Cinema today,Other
bought game purchase from Codashop,Other
Steam movie ticket,Other
bought game purchase from MLhuillier,Other
GCash expense,Other
monthly Maya payment,Other
concert ticket at Steam,Other
monthly SM Cinema payment,Other
school project in davao,Other
SM Cinema today,Other
paid SM Cinema tuition fee,Other
concert ticket at GCash,Other
concert ticket in davao,Other
bought remittance from Codashop,Other
Steam,Other
monthly University payment,Other
paid SM Cinema tuition fee,Other
University expense,Other
SM Cinema remittance,Other
Codashop,Other
Codashop expense,Other
Codashop today,Other
MLhuillier today,Other
donation at Codashop,Other
game purchase in davao,Other
University today,Other
Maya today,Other
bought game purchase from Maya,Other
Maya,Other
bought concert ticket from Steam,Other
donation in davao,Other
bought tuition fee from Steam,Other
game purchase in davao,Other
paid MLhuillier tuition fee,Other
concert ticket in davao,Other
monthly Steam payment,Other
monthly University payment,Other
donation,Other
SM Cinema,Other
bought game purchase from MLhuillier,Other
school project at Codashop,Other
game purchase at Maya,Other
Codashop today,Other
University today,Other
bought game purchase from Codashop,Other
concert ticket at SM Cinema,Other
school project,Other
MLhuillier expense,Other
game purchase,Other
Codashop expense,Other
Maya,Other
monthly University payment,Other
Steam today,Other
paid University game purchase,Other
game purchase in davao,Other
concert ticket in davao,Other
Steam expense,Other
SM Cinema movie ticket,Other
Maya today,Other
bought tuition fee from Codashop,Other
donation in davao,Other
school project at Codashop,Other
Maya,Other
paid Steam concert ticket,Other
paid Codashop remittance,Other
paid GCash donation,Other
tuition fee,Other
Steam today,Other
concert ticket in davao,Other
concert ticket in davao,Other
school project,Other
GCash,Other
paid Steam movie ticket,Other
Maya today,Other
remittance in davao,Other
bought donation from MLhuillier,Other
tuition fee,Other
school project in davao,Other
Steam,Other
Steam expense,Other
tuition fee in davao,Other
game purchase at Maya,Other
tuition fee in davao,Other
GCash expense,Other
MLhuillier game purchase,Other
Steam today,Other
paid SM Cinema concert ticket,Other
monthly MLhuillier payment,Other
remittance,Other
movie ticket at MLhuillier,Other
Codashop tuition fee,Other
Codashop today,Other
tuition fee,Other
monthly Codashop payment,Other
donation in davao,Other
University expense,Other
MLhuillier,Other
Steam,Other
MLhuillier,Other
Maya,Other
MLhuillier donation,Other
MLhuillier expense,Other
monthly Codashop payment,Other
paid Steam school project,Other
Maya today,Other
school project,Other
bought remittance from Codashop,Other
MLhuillier today,Other
Steam expense,Other
concert ticket in davao,Other
concert ticket,Other
University expense,Other
MLhuillier today,Other
school project,Other
remittance in davao,Other
school project at Codashop,Other
Steam expense,Other
bought game purchase from University,Other
University,Other
monthly SM Cinema payment,Other
MLhuillier today,Other
Codashop,Other
SM Cinema expense,Other
MLhuillier expense,Other
MLhuillier tuition fee,Other
Codashop today,Other
GCash expense,Other
University today,Other
bought game purchase from SM Cinema,Other
Steam today,Other
Maya movie ticket,Other
monthly Steam payment,Other
donation,Other
bought concert ticket from Codashop,Other
paid Maya game purchase,Other
paid MLhuillier game purchase,Other
Maya remittance,Other
Maya,Other
bought movie ticket from University,Other
paid Codashop tuition fee,Other
paid Codashop tuition fee,Other
SM Cinema,Other
movie ticket,Other
Maya expense,Other
bought tuition fee from GCash,Other
University remittance,Other
monthly GCash payment,Other
monthly Steam payment,Other
Codashop expense,Other
bought remittance from University,Other
University today,Other
Maya today,Other
SM Cinema today,Other
GCash today,Other
remittance,Other
paid SM Cinema movie ticket,Other
GCash game purchase,Other
bought game purchase from Steam,Other
paid GCash donation,Other
school project at Codashop,Other
monthly Steam payment,Other
monthly University payment,Other
monthly SM Cinema payment,Other
Steam remittance,Other
monthly Maya payment,Other
paid Codashop school project,Other
remittance in davao,Other
Codashop expense,Other
GCash expense,Other
movie ticket at SM Cinema,Other
concert ticket at Maya,Other
SM Cinema expense,Other
University,Other
remittance,Other
paid Maya game purchase,Other
Steam expense,Other
remittance in davao,Other
school project in davao,Other
school project at University,Other
bought donation from Maya,Other
Maya expense,Other
Codashop today,Other
tuition fee in davao,Other
University expense,Other
Steam,Other
game purchase,Other
concert ticket in davao,Other
GCash expense,Other
Maya,Other
paid MLhuillier remittance,Other
bought remittance from GCash,Other
Maya donation,Other
monthly GCash payment,Other
remittance,Other
game purchase,Other
paid University donation,Other
paid GCash remittance,Other
paid GCash game purchase,Other
SM Cinema school project,Other
MLhuillier expense,Other
GCash remittance,Other
SM Cinema donation,Other
Codashop,Other
tuition fee,Other
SM Cinema,Other
Steam today,Other
monthly GCash payment,Other
Maya concert ticket,Other
Maya today,Other
Steam,Other
Steam today,Other
GCash,Other
bought tuition fee from University,Other
donation in davao,Other
tuition fee in davao,Other
University,Other
school project in davao,Other
monthly University payment,Other
bought concert ticket from Steam,Other
game purchase at Steam,Other
monthly Steam payment,Other
game purchase,Other
monthly GCash payment,Other
game purchase at SM Cinema,Other
bought tuition fee from Steam,Other
donation,Other
GCash,Other
Codashop expense,Other
concert ticket at SM Cinema,Other
remittance,Other
monthly Codashop payment,Other
GCash today,Other
school project at University,Other
monthly SM Cinema payment,Other
SM Cinema game purchase,Other
paid Steam remittance,Other
school project at Maya,Other
paid Codashop game purchase,Other
monthly University payment,Other
bought school project from Maya,Other
Steam expense,Other
SM Cinema today,Other
monthly MLhuillier payment,Other
paid Maya donation,Other
Steam expense,Other
University,Other
University,Other
concert ticket at GCash,Other
University,Other
tuition fee,Other
MLhuillier today,Other
bought tuition fee from MLhuillier,Other
bought game purchase from MLhuillier,Other
bought remittance from University,Other
University today,Other
GCash expense,Other
University today,Other
SM Cinema,Other
school project in davao,Other
MLhuillier expense,Other
paid SM Cinema donation,Other
Maya expense,Other
paid SM Cinema school project,Other
remittance at Codashop,Other
Maya today,Other
SM Cinema expense,Other
MLhuillier movie ticket,Other
movie ticket in davao,Other
GCash,Other
Maya tuition fee,Other
tuition fee,Other
monthly Maya payment,Other
remittance at Steam,Other
MLhuillier,Other
concert ticket,Other
paid Steam game purchase,Other
monthly MLhuillier payment,Other
bought game purchase from Codashop,Other
remittance,Other
SM Cinema today,Other
paid Maya tuition fee,Other
school project at MLhuillier,Other
paid University concert ticket,Other
bought game purchase from GCash,Other
MLhuillier today,Other
GCash remittance,Other
donation in davao,Other
paid University movie ticket,Other
game purchase in davao,Other
Maya movie ticket,Other
monthly Maya payment,Other
Codashop expense,Other
donation,Other
paid Codashop school project,Other
bought tuition fee from Steam,Other
paid Maya concert ticket,Other
Steam today,Other
MLhuillier today,Other
remittance in davao,Other
paid Codashop school project,Other
MLhuillier donation,Other
school project at Maya,Other
Codashop,Other
concert ticket at Maya,Other
bought tuition fee from SM Cinema,Other
Steam expense,Other
GCash movie ticket,Other
GCash remittance,Other
bought concert ticket from GCash,Other
tuition fee in davao,Other
Steam concert ticket,Other
donation,Other
GCash donation,Other
monthly Maya payment,Other
Codashop expense,Other
Maya remittance,Other
bought movie ticket from Steam,Other
monthly MLhuillier payment,Other
remittance in davao,Other
University remittance,Other
monthly Codashop payment,Other
remittance at Codashop,Other
paid MLhuillier tuition fee,Other
tuition fee,Other
school project in davao,Other
remittance in davao,Other
paid Steam tuition fee,Other
bought donation from SM Cinema,Other
game purchase at Codashop,Other
paid Maya concert ticket,Other
Steam expense,Other
Codashop,Other
MLhuillier,Other
remittance at Maya,Other
monthly Steam payment,Other
game purchase,Other
donation,Other
monthly GCash payment,Other
monthly Codashop payment,Other
monthly MLhuillier payment,Other
MLhuillier,Other
concert ticket,Other
paid University school project,Other
GCash today,Other
concert ticket in davao,Other
Codashop expense,Other
paid Codashop tuition fee,Other
monthly MLhuillier payment,Other
Codashop remittance,Other
bought donation from GCash,Other
monthly MLhuillier payment,Other
donation at Codashop,Other
MLhuillier tuition fee,Other
SM Cinema,Other
game purchase in davao,Other
monthly Maya payment,Other
paid MLhuillier movie ticket,Other
donation at Maya,Other
remittance at GCash,Other
school project in davao,Other
school project at MLhuillier,Other
monthly GCash payment,Other
SM Cinema,Other
paid Maya school project,Other
concert ticket at University,Other
monthly University payment,Other
monthly MLhuillier payment,Other
game purchase in davao,Other
tuition fee at Steam,Other
game purchase,Other
GCash expense,Other
Maya,Other
concert ticket,Other
Steam expense,Other
movie ticket,Other
SM Cinema today,Other
concert ticket at Codashop,Other
school project,Other
concert ticket in davao,Other
movie ticket at Maya,Other
monthly University payment,Other
paid Codashop remittance,Other
game purchase,Other
monthly Steam payment,Other
monthly Steam payment,Other
Steam,Other
donation at Steam,Other
GCash today,Other
SM Cinema today,Other
game purchase,Other
SM Cinema expense,Other
University today,Other
Steam today,Other
monthly GCash payment,Other
Codashop today,Other
paid SM Cinema tuition fee,Other
bought remittance from GCash,Other
SM Cinema,Other
paid Maya school project,Other
monthly GCash payment,Other
bought school project from Steam,Other
concert ticket,Other
SM Cinema,Other
SM Cinema movie ticket,Other
movie ticket,Other
MLhuillier,Other
GCash expense,Other
Steam,Other
movie ticket,Other
SM Cinema game purchase,Other
movie ticket in davao,Other
Codashop today,Other
tuition fee at University,Other
MLhuillier donation,Other
bought concert ticket from Maya,Other
paid MLhuillier concert ticket,Other
paid Steam remittance,Other
tuition fee,Other
paid Maya remittance,Other
paid University school project,Other
SM Cinema expense,Other
movie ticket in davao,Other
bought concert ticket from GCash,Other
bought movie ticket from University,Other
University concert ticket,Other
paid MLhuillier remittance,Other
monthly GCash payment,Other
Steam today,Other
tuition fee in davao,Other
Steam today,Other
donation,Other
remittance,Other
SM Cinema,Other
MLhuillier today,Other
paid Steam school project,Other
Maya,Other
tuition fee in davao,Other
donation,Other
GCash today,Other
University donation,Other
bought school project from MLhuillier,Other
University,Other
MLhuillier expense,Other
paid MLhuillier tuition fee,Other
paid Codashop game purchase,Other
tuition fee,Other
SM Cinema expense,Other
remittance in davao,Other
paid Maya donation,Other
paid Maya donation,Other
GCash game purchase,Other
paid GCash concert ticket,Other
bought tuition fee from SM Cinema,Other
school project,Other
paid Maya school project,Other
tuition fee,Other
Codashop tuition fee,Other
remittance at GCash,Other
game purchase in davao,Other
Steam donation,Other
bought movie ticket from SM Cinema,Other
bought donation from SM Cinema,Other
Codashop,Other
paid Steam movie ticket,Other
University,Other
bought concert ticket from Steam,Other
monthly Maya payment,Other
University expense,Other
Steam expense,Other
bought tuition fee from GCash,Other
Codashop,Other
bought remittance from SM Cinema,Other
school project,Other
MLhuillier movie ticket,Other
donation in davao,Other
University today,Other
movie ticket in davao,Other
tuition fee in davao,Other
monthly GCash payment,Other
game purchase in davao,Other
SM Cinema expense,Other
bought tuition fee from Steam,Other
University today,Other
paid MLhuillier game purchase,Other
bought school project from Steam,Other
game purchase in davao,Other
Codashop,Other
SM Cinema today,Other
bought movie ticket from Codashop,Other
school project at SM Cinema,Other
Steam expense,Other
paid University concert ticket,Other
Codashop today,Other
Maya today,Other
MLhuillier donation,Other
monthly MLhuillier payment,Other
concert ticket,Other
Steam,Other
paid Steam concert ticket,Other
donation at University,Other
MLhuillier today,Other
Codashop donation,Other
Maya,Other
University,Other
MLhuillier movie ticket,Other
Codashop donation,Other
paid Steam game purchase,Other
donation,Other
University expense,Other
Steam donation,Other
bought game purchase from MLhuillier,Other
movie ticket in davao,Other
paid Codashop remittance,Other
paid GCash school project,Other
paid Steam remittance,Other
GCash today,Other
donation,Other
GCash today,Other
monthly GCash payment,Other
SM Cinema today,Other
MLhuillier,Other
SM Cinema today,Other
GCash concert ticket,Other
paid Maya donation,Other
tuition fee,Other
concert ticket in davao,Other
MLhuillier today,Other
GCash,Other
GCash,Other
GCash today,Other
GCash,Other
SM Cinema donation,Other
Codashop,Other
remittance,Other
Codashop,Other
school project in davao,Other
monthly Steam payment,Other
Codashop expense,Other
donation,Other
Steam expense,Other
SM Cinema donation,Other
University donation,Other
Steam,Other
concert ticket,Other
Maya game purchase,Other
Maya expense,Other
Codashop expense,Other
paid GCash tuition fee,Other
paid GCash movie ticket,Other
MLhuillier expense,Other
concert ticket,Other
tuition fee,Other
tuition fee,Other
paid SM Cinema remittance,Other
University today,Other
game purchase,Other
GCash,Other
school project in davao,Other
game purchase in davao,Other
paid SM Cinema game purchase,Other
paid Steam tuition fee,Other
remittance in davao,Other
Ace Hardware new shirt,Shopping
Uniqlo expense,Shopping
new shirt,Shopping
paid National Bookstore online order,Shopping
clothes at Ace Hardware,Shopping
clothes in davao,Shopping
Lazada today,Shopping
online order,Shopping
monthly National Bookstore payment,Shopping
paid Lazada makeup,Shopping
clothes in davao,Shopping
paid Uniqlo new shirt,Shopping
makeup in davao,Shopping
electronics at Shopee,Shopping
Shopee expense,Shopping
paid H&M phone accessories,Shopping
paid TikTok Shop clothes,Shopping
clothes,Shopping
Lazada today,Shopping
new shoes at National Bookstore,Shopping
H&M expense,Shopping
paid Lazada clothes,Shopping
H&M today,Shopping
TikTok Shop today,Shopping
Watsons school supplies,Shopping
new shirt in davao,Shopping
online order in davao,Shopping
phone accessories in davao,Shopping
new shirt,Shopping
Uniqlo,Shopping
clothes at H&M,Shopping
Uniqlo,Shopping
Uniqlo,Shopping
H&M expense,Shopping
paid TikTok Shop school supplies,Shopping
new shoes,Shopping
paid Watsons phone accessories,Shopping
new shoes,Shopping
makeup at H&M,Shopping
online order in davao,Shopping
online order in davao,Shopping
school supplies at Shopee,Shopping
Watsons,Shopping
Uniqlo today,Shopping
H&M clothes,Shopping
new shirt at Lazada,Shopping
monthly Watsons payment,Shopping
Ace Hardware,Shopping
H&M,Shopping
paid National Bookstore electronics,Shopping
bought electronics from Uniqlo,Shopping
Lazada,Shopping
clothes,Shopping
phone accessories in davao,Shopping
Lazada expense,Shopping
TikTok Shop,Shopping
paid TikTok Shop electronics,Shopping
monthly Uniqlo payment,Shopping
H&M expense,Shopping
Ace Hardware online order,Shopping
new shirt at H&M,Shopping
bought phone accessories from National Bookstore,Shopping
makeup,Shopping
electronics in davao,Shopping
online order,Shopping
H&M expense,Shopping
phone accessories in davao,Shopping
bought electronics from Ace Hardware,Shopping
monthly Ace Hardware payment,Shopping
H&M today,Shopping
school supplies at Shopee,Shopping
TikTok Shop,Shopping
monthly TikTok Shop payment,Shopping
new shirt at Uniqlo,Shopping
bought school supplies from National Bookstore,Shopping
Shopee expense,Shopping
TikTok Shop today,Shopping
school supplies in davao,Shopping
Watsons today,Shopping
clothes,Shopping
National Bookstore expense,Shopping
new shoes,Shopping
paid TikTok Shop new shoes,Shopping
online order at Ace Hardware,Shopping
new shoes,Shopping
National Bookstore,Shopping
new shoes,Shopping
Uniqlo electronics,Shopping
Watsons today,Shopping
National Bookstore,Shopping
Ace Hardware expense,Shopping
monthly H&M payment,Shopping
school supplies,Shopping
paid Lazada new shirt,Shopping
TikTok Shop today,Shopping
new shoes in davao,Shopping
Watsons school supplies,Shopping
bought new shirt from TikTok Shop,Shopping
Watsons expense,Shopping
Watsons online order,Shopping
Lazada today,Shopping
paid Uniqlo electronics,Shopping
monthly Shopee payment,Shopping
bought makeup from Uniqlo,Shopping
Watsons electronics,Shopping
online order at Uniqlo,Shopping
National Bookstore,Shopping
bought school supplies from Ace Hardware,Shopping
Ace Hardware today,Shopping
paid Ace Hardware online order,Shopping
monthly Ace Hardware payment,Shopping
school supplies at Shopee,Shopping
Uniqlo today,Shopping
monthly Watsons payment,Shopping
monthly Uniqlo payment,Shopping
Watsons new shoes,Shopping
clothes in davao,Shopping
new shoes at TikTok Shop,Shopping
TikTok Shop,Shopping
Uniqlo school supplies,Shopping
clothes in davao,Shopping
bought new shirt from Uniqlo,Shopping
electronics at National Bookstore,Shopping
electronics,Shopping
Uniqlo today,Shopping
bought electronics from Lazada,Shopping
Ace Hardware today,Shopping
bought new shoes from Ace Hardware,Shopping
bought electronics from Watsons,Shopping
Ace Hardware today,Shopping
school supplies,Shopping
paid Lazada electronics,Shopping
new shirt in davao,Shopping
paid H&M school supplies,Shopping
clothes,Shopping
TikTok Shop electronics,Shopping
school supplies,Shopping
makeup,Shopping
National Bookstore expense,Shopping
Ace Hardware new shirt,Shopping
new shoes at H&M,Shopping
bought phone accessories from Shopee,Shopping
online order in davao,Shopping
H&M today,Shopping
paid Ace Hardware online order,Shopping
bought school supplies from TikTok Shop,Shopping
National Bookstore,Shopping
phone accessories,Shopping
Uniqlo today,Shopping
Uniqlo expense,Shopping
H&M expense,Shopping
TikTok Shop,Shopping
monthly Ace Hardware payment,Shopping
new shoes,Shopping
TikTok Shop expense,Shopping
Shopee expense,Shopping
Lazada,Shopping
clothes at TikTok Shop,Shopping
school supplies at Lazada,Shopping
Watsons today,Shopping
paid Ace Hardware online order,Shopping
phone accessories in davao,Shopping
bought makeup from Uniqlo,Shopping
paid Watsons phone accessories,Shopping
Ace Hardware,Shopping
makeup in davao,Shopping
new shoes,Shopping
electronics in davao,Shopping
Ace Hardware today,Shopping
electronics,Shopping
new shirt at National Bookstore,Shopping
National Bookstore today,Shopping
school supplies in davao,Shopping
Ace Hardware expense,Shopping
new shoes in davao,Shopping
new shirt in davao,Shopping
monthly H&M payment,Shopping
National Bookstore school supplies,Shopping
Lazada,Shopping
Uniqlo electronics,Shopping
school supplies,Shopping
makeup in davao,Shopping
bought phone accessories from Ace Hardware,Shopping
online order at H&M,Shopping
phone accessories,Shopping
new shoes in davao,Shopping
H&M,Shopping
National Bookstore today,Shopping
National Bookstore phone accessories,Shopping
National Bookstore expense,Shopping
online order,Shopping
monthly Lazada payment,Shopping
Lazada,Shopping
school supplies at National Bookstore,Shopping
electronics in davao,Shopping
phone accessories in davao,Shopping
H&M expense,Shopping
National Bookstore today,Shopping
Uniqlo school supplies,Shopping
new shirt at Shopee,Shopping
paid Ace Hardware online order,Shopping
school supplies in davao,Shopping
online order in davao,Shopping
National Bookstore expense,Shopping
Watsons,Shopping
Ace Hardware,Shopping
bought new shirt from National Bookstore,Shopping
Ace Hardware today,Shopping
clothes in davao,Shopping
Shopee today,Shopping
paid National Bookstore online order,Shopping
paid TikTok Shop electronics,Shopping
Watsons new shirt,Shopping
monthly Ace Hardware payment,Shopping
TikTok Shop expense,Shopping
H&M,Shopping
online order at H&M,Shopping
makeup in davao,Shopping
new shoes at National Bookstore,Shopping
bought phone accessories from TikTok Shop,Shopping
phone accessories,Shopping
online order at TikTok Shop,Shopping
bought new shirt from Lazada,Shopping
Uniqlo makeup,Shopping
bought school supplies from Lazada,Shopping
Shopee expense,Shopping
Ace Hardware,Shopping
National Bookstore expense,Shopping
new shoes,Shopping
bought new shirt from TikTok Shop,Shopping
monthly TikTok Shop payment,Shopping
Lazada school supplies,Shopping
H&M,Shopping
Shopee expense,Shopping
National Bookstore today,Shopping
bought clothes from Uniqlo,Shopping
Lazada,Shopping
Lazada new shoes,Shopping
new shirt in davao,Shopping
clothes,Shopping
paid Ace Hardware new shirt,Shopping
Uniqlo,Shopping
monthly TikTok Shop payment,Shopping
TikTok Shop makeup,Shopping
paid Lazada new shoes,Shopping
monthly Lazada payment,Shopping
phone accessories at H&M,Shopping
paid Watsons makeup,Shopping
Lazada makeup,Shopping
National Bookstore makeup,Shopping
TikTok Shop today,Shopping
new shoes,Shopping
monthly Lazada payment,Shopping
school supplies at Ace Hardware,Shopping
phone accessories at National Bookstore,Shopping
new shoes at Watsons,Shopping
new shirt in davao,Shopping
H&M clothes,Shopping
new shoes in davao,Shopping
Shopee expense,Shopping
bought school supplies from Watsons,Shopping
paid H&M online order,Shopping
new shoes,Shopping
Shopee expense,Shopping
Shopee new shirt,Shopping
school supplies,Shopping
paid Lazada makeup,Shopping
paid TikTok Shop electronics,Shopping
Ace Hardware,Shopping
monthly Watsons payment,Shopping
monthly Watsons payment,Shopping
Uniqlo today,Shopping
Ace Hardware expense,Shopping
Ace Hardware new shoes,Shopping
National Bookstore today,Shopping
school supplies,Shopping
new shoes,Shopping
phone accessories,Shopping
TikTok Shop,Shopping
phone accessories,Shopping
new shoes,Shopping
Watsons today,Shopping
school supplies at Shopee,Shopping
Watsons expense,Shopping
H&M today,Shopping
online order at Ace Hardware,Shopping
school supplies at National Bookstore,Shopping
clothes,Shopping
Watsons expense,Shopping
National Bookstore,Shopping
Ace Hardware expense,Shopping
paid National Bookstore electronics,Shopping
bought clothes from Shopee,Shopping
bought clothes from Ace Hardware,Shopping
paid H&M school supplies,Shopping
Lazada clothes,Shopping
school supplies at National Bookstore,Shopping
TikTok Shop today,Shopping
Watsons makeup,Shopping
paid Lazada phone accessories,Shopping
Lazada,Shopping
Ace Hardware expense,Shopping
TikTok Shop,Shopping
Watsons expense,Shopping
clothes in davao,Shopping
monthly Watsons payment,Shopping
Watsons expense,Shopping
online order in davao,Shopping
H&M electronics,Shopping
makeup,Shopping
paid Shopee makeup,Shopping
bought electronics from Ace Hardware,Shopping
Ace Hardware expense,Shopping
electronics,Shopping
school supplies at Shopee,Shopping
school supplies,Shopping
phone accessories in davao,Shopping
school supplies in davao,Shopping
bought electronics from Watsons,Shopping
paid H&M online order,Shopping
monthly Watsons payment,Shopping
new shirt at Uniqlo,Shopping
new shoes,Shopping
H&M today,Shopping
TikTok Shop today,Shopping
H&M today,Shopping
monthly H&M payment,Shopping
Lazada today,Shopping
monthly Lazada payment,Shopping
TikTok Shop today,Shopping
bought phone accessories from National Bookstore,Shopping
monthly Lazada payment,Shopping
H&M expense,Shopping
monthly Shopee payment,Shopping
National Bookstore expense,Shopping
monthly Ace Hardware payment,Shopping
phone accessories,Shopping
National Bookstore,Shopping
online order in davao,Shopping
monthly Uniqlo payment,Shopping
bought new shoes from H&M,Shopping
bought electronics from H&M,Shopping
new shoes in davao,Shopping
electronics at TikTok Shop,Shopping
bought makeup from Ace Hardware,Shopping
paid TikTok Shop phone accessories,Shopping
new shoes in davao,Shopping
online order in davao,Shopping
Ace Hardware,Shopping
electronics in davao,Shopping
school supplies,Shopping
bought school supplies from Lazada,Shopping
Shopee electronics,Shopping
paid Lazada makeup,Shopping
electronics at Watsons,Shopping
H&M phone accessories,Shopping
H&M,Shopping
Uniqlo,Shopping
paid Uniqlo school supplies,Shopping
National Bookstore,Shopping
Uniqlo,Shopping
paid Shopee new shirt,Shopping
online order at Lazada,Shopping
paid Watsons makeup,Shopping
clothes,Shopping
bought clothes from H&M,Shopping
Shopee today,Shopping
phone accessories at Ace Hardware,Shopping
new shirt at TikTok Shop,Shopping
makeup at National Bookstore,Shopping
Uniqlo expense,Shopping
online order,Shopping
bought school supplies from Ace Hardware,Shopping
bought new shoes from Watsons,Shopping
monthly Uniqlo payment,Shopping
phone accessories at Shopee,Shopping
National Bookstore makeup,Shopping
Uniqlo today,Shopping
Watsons phone accessories,Shopping
monthly Uniqlo payment,Shopping
Watsons,Shopping
bought school supplies from TikTok Shop,Shopping
Ace Hardware expense,Shopping
TikTok Shop expense,Shopping
Lazada today,Shopping
paid H&M school supplies,Shopping
paid TikTok Shop electronics,Shopping
Uniqlo today,Shopping
bought online order from Shopee,Shopping
monthly Uniqlo payment,Shopping
Ace Hardware electronics,Shopping
Uniqlo expense,Shopping
bought clothes from H&M,Shopping
National Bookstore today,Shopping
school supplies in davao,Shopping
Watsons,Shopping
Shopee today,Shopping
H&M new shirt,Shopping
phone accessories in davao,Shopping
bought phone accessories from National Bookstore,Shopping
paid TikTok Shop makeup,Shopping
bought phone accessories from Lazada,Shopping
Uniqlo expense,Shopping
Shopee expense,Shopping
Watsons today,Shopping
bought makeup from Ace Hardware,Shopping
paid Uniqlo new shirt,Shopping
monthly Watsons payment,Shopping
paid Ace Hardware new shoes,Shopping
H&M expense,Shopping
National Bookstore,Shopping
TikTok Shop,Shopping
Lazada,Shopping
Lazada today,Shopping
Ace Hardware today,Shopping
Lazada new shoes,Shopping
National Bookstore electronics,Shopping
Lazada,Shopping
Watsons expense,Shopping
bought online order from National Bookstore,Shopping
phone accessories at Uniqlo,Shopping
monthly National Bookstore payment,Shopping
monthly Shopee payment,Shopping
H&M,Shopping
H&M,Shopping
school supplies,Shopping
Uniqlo today,Shopping
monthly Watsons payment,Shopping
Shopee,Shopping
makeup,Shopping
new shoes,Shopping
National Bookstore school supplies,Shopping
Lazada,Shopping
monthly Lazada payment,Shopping
monthly Uniqlo payment,Shopping
electronics,Shopping
paid TikTok Shop new shoes,Shopping
bought online order from H&M,Shopping
TikTok Shop today,Shopping
new shirt at Watsons,Shopping
Lazada phone accessories,Shopping
school supplies,Shopping
paid National Bookstore online order,Shopping
National Bookstore new shoes,Shopping
bought school supplies from Ace Hardware,Shopping
makeup at H&M,Shopping
Lazada expense,Shopping
bought phone accessories from Watsons,Shopping
paid Uniqlo electronics,Shopping
paid Lazada new shirt,Shopping
monthly Shopee payment,Shopping
Shopee new shoes,Shopping
TikTok Shop,Shopping
Ace Hardware,Shopping
monthly Ace Hardware payment,Shopping
bought school supplies from TikTok Shop,Shopping
National Bookstore,Shopping
bought online order from Lazada,Shopping
monthly TikTok Shop payment,Shopping
Shopee online order,Shopping
Uniqlo expense,Shopping
Uniqlo today,Shopping
paid TikTok Shop electronics,Shopping
paid Shopee new shoes,Shopping
Uniqlo electronics,Shopping
monthly Ace Hardware payment,Shopping
online order at Watsons,Shopping
Shopee expense,Shopping
new shoes at TikTok Shop,Shopping
bought clothes from TikTok Shop,Shopping
Lazada online order,Shopping
makeup,Shopping
Lazada today,Shopping
monthly TikTok Shop payment,Shopping
Uniqlo expense,Shopping
Watsons,Shopping
Watsons,Shopping
phone accessories at Ace Hardware,Shopping
TikTok Shop,Shopping
new shoes at Shopee,Shopping
Lazada expense,Shopping
monthly National Bookstore payment,Shopping
Lazada expense,Shopping
Shopee makeup,Shopping
school supplies,Shopping
TikTok Shop today,Shopping
clothes at Shopee,Shopping
Lazada,Shopping
H&M expense,Shopping
online order at Lazada,Shopping
paid H&M electronics,Shopping
National Bookstore expense,Shopping
H&M today,Shopping
Uniqlo expense,Shopping
Ace Hardware,Shopping
Shopee,Shopping
Shopee,Shopping
Uniqlo today,Shopping
bought electronics from Watsons,Shopping
paid Lazada school supplies,Shopping
bought phone accessories from Shopee,Shopping
Ace Hardware,Shopping
school supplies,Shopping
Watsons today,Shopping
paid Shopee clothes,Shopping
online order,Shopping
paid TikTok Shop online order,Shopping
phone accessories at H&M,Shopping
bought makeup from H&M,Shopping
online order at Uniqlo,Shopping
bought electronics from National Bookstore,Shopping
Lazada makeup,Shopping
new shoes at Shopee,Shopping
paid National Bookstore school supplies,Shopping
bought makeup from TikTok Shop,Shopping
new shirt,Shopping
monthly TikTok Shop payment,Shopping
bought clothes from Uniqlo,Shopping
phone accessories in davao,Shopping
new shirt,Shopping
phone accessories,Shopping
phone accessories in davao,Shopping
school supplies in davao,Shopping
monthly H&M payment,Shopping
bought makeup from Lazada,Shopping
monthly TikTok Shop payment,Shopping
Ace Hardware,Shopping
National Bookstore today,Shopping
monthly National Bookstore payment,Shopping
school supplies at National Bookstore,Shopping
TikTok Shop new shirt,Shopping
monthly Uniqlo payment,Shopping
Lazada today,Shopping
monthly Uniqlo payment,Shopping
phone accessories,Shopping
makeup at Shopee,Shopping
monthly Shopee payment,Shopping
new shirt in davao,Shopping
school supplies at Ace Hardware,Shopping
TikTok Shop today,Shopping
makeup,Shopping
Lazada expense,Shopping
school supplies at Uniqlo,Shopping
H&M new shoes,Shopping
bought new shoes from H&M,Shopping
new shirt in davao,Shopping
new shirt,Shopping
National Bookstore phone accessories,Shopping
monthly H&M payment,Shopping
Lazada expense,Shopping
school supplies at Ace Hardware,Shopping
bought electronics from TikTok Shop,Shopping
monthly Watsons payment,Shopping
bought new shoes from TikTok Shop,Shopping
TikTok Shop,Shopping
bought new shoes from Lazada,Shopping
Shopee school supplies,Shopping
H&M,Shopping
National Bookstore,Shopping
H&M,Shopping
monthly H&M payment,Shopping
new shirt in davao,Shopping
phone accessories at Uniqlo,Shopping
Uniqlo,Shopping
monthly Lazada payment,Shopping
Ace Hardware,Shopping
paid Watsons new shoes,Shopping
clothes at Uniqlo,Shopping
National Bookstore,Shopping
paid TikTok Shop new shirt,Shopping
Ace Hardware new shoes,Shopping
online order at Watsons,Shopping
paid Watsons online order,Shopping
paid National Bookstore school supplies,Shopping
Ace Hardware expense,Shopping
paid Shopee phone accessories,Shopping
H&M today,Shopping
paid Uniqlo school supplies,Shopping
paid Ace Hardware phone accessories,Shopping
National Bookstore phone accessories,Shopping
monthly Shopee payment,Shopping
National Bookstore new shoes,Shopping
bought electronics from Ace Hardware,Shopping
Lazada,Shopping
monthly TikTok Shop payment,Shopping
National Bookstore today,Shopping
paid Lazada makeup,Shopping
National Bookstore today,Shopping
Shopee school supplies,Shopping
Ace Hardware online order,Shopping
National Bookstore expense,Shopping
bought makeup from Watsons,Shopping
clothes at Shopee,Shopping
Watsons phone accessories,Shopping
school supplies in davao,Shopping
school supplies at Uniqlo,Shopping
new shoes,Shopping
school supplies at National Bookstore,Shopping
electronics,Shopping
Ace Hardware online order,Shopping
paid TikTok Shop makeup,Shopping
new shirt at National Bookstore,Shopping
phone accessories at Uniqlo,Shopping
Ace Hardware new shoes,Shopping
clothes at National Bookstore,Shopping
paid Uniqlo school supplies,Shopping
bought clothes from National Bookstore,Shopping
Lazada,Shopping
bought school supplies from H&M,Shopping
Shopee expense,Shopping
bought school supplies from Lazada,Shopping
school supplies,Shopping
Watsons today,Shopping
new shoes in davao,Shopping
National Bookstore expense,Shopping
National Bookstore new shirt,Shopping
Ace Hardware today,Shopping
clothes at Lazada,Shopping
school supplies in davao,Shopping
H&M,Shopping
Shopee electronics,Shopping
Lazada expense,Shopping
online order at National Bookstore,Shopping
phone accessories,Shopping
bought phone accessories from Shopee,Shopping
Watsons,Shopping
TikTok Shop today,Shopping
Ace Hardware expense,Shopping
H&M,Shopping
bought electronics from National Bookstore,Shopping
monthly National Bookstore payment,Shopping
National Bookstore expense,Shopping
new shirt,Shopping
electronics in davao,Shopping
paid Ace Hardware online order,Shopping
Watsons today,Shopping
Shopee school supplies,Shopping
new shirt at TikTok Shop,Shopping
bought school supplies from Lazada,Shopping
bought online order from National Bookstore,Shopping
Watsons expense,Shopping
monthly TikTok Shop payment,Shopping
Ace Hardware today,Shopping
school supplies at Ace Hardware,Shopping
monthly National Bookstore payment,Shopping
electronics,Shopping
Uniqlo,Shopping
clothes at Ace Hardware,Shopping
Shopee expense,Shopping
makeup at Ace Hardware,Shopping
Lazada,Shopping
Lazada today,Shopping
electronics in davao,Shopping
Ace Hardware,Shopping
Uniqlo today,Shopping
Uniqlo online order,Shopping
monthly Watsons payment,Shopping
paid Watsons clothes,Shopping
makeup at Ace Hardware,Shopping
online order in davao,Shopping
Ace Hardware today,Shopping
Uniqlo expense,Shopping
new shirt at Watsons,Shopping
National Bookstore electronics,Shopping
paid Shopee makeup,Shopping
bought new shirt from National Bookstore,Shopping
monthly National Bookstore payment,Shopping
school supplies,Shopping
new shoes at H&M,Shopping
online order,Shopping
Shopee expense,Shopping
National Bookstore today,Shopping
Watsons today,Shopping
monthly Uniqlo payment,Shopping
Watsons expense,Shopping
TikTok Shop today,Shopping
TikTok Shop today,Shopping
monthly Lazada payment,Shopping
Uniqlo today,Shopping
school supplies at TikTok Shop,Shopping
Shopee online order,Shopping
Ace Hardware expense,Shopping
TikTok Shop phone accessories,Shopping
paid H&M new shoes,Shopping
paid Uniqlo makeup,Shopping
H&M expense,Shopping
TikTok Shop today,Shopping
makeup in davao,Shopping
TikTok Shop today,Shopping
paid H&M school supplies,Shopping
Uniqlo today,Shopping
new shirt,Shopping
TikTok Shop expense,Shopping
paid National Bookstore new shoes,Shopping
National Bookstore,Shopping
monthly H&M payment,Shopping
monthly Lazada payment,Shopping
Watsons,Shopping
paid Uniqlo clothes,Shopping
Lazada today,Shopping
Ace Hardware expense,Shopping
bought electronics from Lazada,Shopping
monthly Lazada payment,Shopping
Uniqlo today,Shopping
new shirt at Watsons,Shopping
H&M expense,Shopping
Shopee expense,Shopping
monthly National Bookstore payment,Shopping
H&M expense,Shopping
Ace Hardware school supplies,Shopping
H&M expense,Shopping
school supplies,Shopping
school supplies at Watsons,Shopping
H&M expense,Shopping
Uniqlo today,Shopping
bought electronics from Ace Hardware,Shopping
Ace Hardware clothes,Shopping
monthly Lazada payment,Shopping
H&M,Shopping
online order in davao,Shopping
paid Lazada clothes,Shopping
Ace Hardware,Shopping
clothes at Ace Hardware,Shopping
school supplies,Shopping
monthly Shopee payment,Shopping
new shirt in davao,Shopping
Ace Hardware expense,Shopping
TikTok Shop online order,Shopping
monthly TikTok Shop payment,Shopping
monthly Lazada payment,Shopping
paid Lazada electronics,Shopping
phone accessories,Shopping
Shopee expense,Shopping
monthly Ace Hardware payment,Shopping
Ace Hardware expense,Shopping
bought clothes from Shopee,Shopping
Lazada today,Shopping
monthly TikTok Shop payment,Shopping
Watsons today,Shopping
phone accessories at Lazada,Shopping
Watsons,Shopping
paid Shopee new shirt,Shopping
clothes,Shopping
monthly Uniqlo payment,Shopping
National Bookstore today,Shopping
Shopee school supplies,Shopping
monthly Lazada payment,Shopping
monthly Lazada payment,Shopping
Ace Hardware expense,Shopping
bought new shoes from Lazada,Shopping
makeup at Lazada,Shopping
paid TikTok Shop makeup,Shopping
bought new shoes from Watsons,Shopping
paid Uniqlo new shirt,Shopping
bought new shoes from National Bookstore,Shopping
National Bookstore expense,Shopping
paid National Bookstore clothes,Shopping
paid National Bookstore online order,Shopping
phone accessories,Shopping
new shirt at H&M,Shopping
Lazada today,Shopping
clothes,Shopping
Ace Hardware today,Shopping
paid Shopee new shoes,Shopping
paid TikTok Shop new shoes,Shopping
makeup in davao,Shopping
TikTok Shop today,Shopping
Ace Hardware new shirt,Shopping
new shoes in davao,Shopping
makeup in davao,Shopping
H&M phone accessories,Shopping
Shopee expense,Shopping
new shoes at Ace Hardware,Shopping
phone accessories at Uniqlo,Shopping
Uniqlo today,Shopping
makeup,Shopping
online order at Watsons,Shopping
online order at H&M,Shopping
makeup in davao,Shopping
National Bookstore,Shopping
Watsons,Shopping
Ace Hardware new shirt,Shopping
paid Lazada new shoes,Shopping
H&M expense,Shopping
National Bookstore school supplies,Shopping
monthly Ace Hardware payment,Shopping
online order in davao,Shopping
paid Uniqlo new shoes,Shopping
makeup in davao,Shopping
paid Lazada makeup,Shopping
phone accessories at Uniqlo,Shopping
Ace Hardware expense,Shopping
makeup in davao,Shopping
Lazada phone accessories,Shopping
National Bookstore expense,Shopping
Ace Hardware,Shopping
monthly Uniqlo payment,Shopping
new shoes at TikTok Shop,Shopping
Lazada expense,Shopping
phone accessories at Lazada,Shopping
new shirt at H&M,Shopping
Ace Hardware makeup,Shopping
monthly Lazada payment,Shopping
Shopee expense,Shopping
phone accessories,Shopping
new shoes at Shopee,Shopping
monthly H&M payment,Shopping
clothes at Lazada,Shopping
bought phone accessories from Watsons,Shopping
Ace Hardware makeup,Shopping
clothes at TikTok Shop,Shopping
bought online order from H&M,Shopping
monthly Shopee payment,Shopping
online order at TikTok Shop,Shopping
Uniqlo,Shopping
online order in davao,Shopping
bought electronics from TikTok Shop,Shopping
clothes at H&M,Shopping
TikTok Shop,Shopping
Watsons new shirt,Shopping
National Bookstore expense,Shopping
monthly H&M payment,Shopping
paid Shopee online order,Shopping
makeup at National Bookstore,Shopping
clothes,Shopping
clothes in davao,Shopping
H&M new shirt,Shopping
Lazada today,Shopping
clothes at H&M,Shopping
Lazada expense,Shopping
Ace Hardware,Shopping
National Bookstore expense,Shopping
paid Watsons electronics,Shopping
monthly TikTok Shop payment,Shopping
online order,Shopping
online order,Shopping
Lazada today,Shopping
clothes in davao,Shopping
makeup in davao,Shopping
clothes,Shopping
Lazada expense,Shopping
new shirt,Shopping
monthly Uniqlo payment,Shopping
H&M school supplies,Shopping
Watsons expense,Shopping
Shopee,Shopping
TikTok Shop today,Shopping
Ace Hardware clothes,Shopping
bought new shoes from Ace Hardware,Shopping
paid TikTok Shop online order,Shopping
H&M makeup,Shopping
makeup,Shopping
clothes at TikTok Shop,Shopping
Uniqlo clothes,Shopping
Uniqlo expense,Shopping
Shopee electronics,Shopping
Uniqlo,Shopping
Lazada today,Shopping
Ace Hardware electronics,Shopping
Ace Hardware today,Shopping
Uniqlo expense,Shopping
paid Uniqlo makeup,Shopping
monthly TikTok Shop payment,Shopping
monthly Ace Hardware payment,Shopping
Watsons,Shopping
TikTok Shop new shirt,Shopping
TikTok Shop,Shopping
paid Watsons new shirt,Shopping
bought school supplies from Watsons,Shopping
paid H&M new shirt,Shopping
paid Watsons school supplies,Shopping
monthly National Bookstore payment,Shopping
Uniqlo,Shopping
clothes in davao,Shopping
electronics in davao,Shopping
National Bookstore,Shopping
Ace Hardware new shirt,Shopping
bought new shoes from Watsons,Shopping
bought new shoes from Ace Hardware,Shopping
H&M clothes,Shopping
National Bookstore electronics,Shopping
bought online order from TikTok Shop,Shopping
TikTok Shop expense,Shopping
National Bookstore,Shopping
monthly Uniqlo payment,Shopping
new shirt at Uniqlo,Shopping
bought makeup from Ace Hardware,Shopping
H&M today,Shopping
clothes at Shopee,Shopping
Watsons today,Shopping
Shopee,Shopping
monthly H&M payment,Shopping
clothes at Uniqlo,Shopping
school supplies,Shopping
Shopee,Shopping
bought online order from Uniqlo,Shopping
TikTok Shop expense,Shopping
H&M today,Shopping
monthly National Bookstore payment,Shopping
bought new shoes from Ace Hardware,Shopping
Lazada new shoes,Shopping
paid Lazada phone accessories,Shopping
Lazada expense,Shopping
TikTok Shop,Shopping
National Bookstore expense,Shopping
phone accessories in davao,Shopping
monthly National Bookstore payment,Shopping
TikTok Shop online order,Shopping
Ace Hardware expense,Shopping
new shoes,Shopping
monthly Shopee payment,Shopping
National Bookstore electronics,Shopping
clothes,Shopping
paid Ace Hardware new shirt,Shopping
Uniqlo today,Shopping
monthly Lazada payment,Shopping
Lazada today,Shopping
Watsons today,Shopping
H&M today,Shopping
phone accessories in davao,Shopping
paid Lazada school supplies,Shopping
Watsons school supplies,Shopping
makeup at Uniqlo,Shopping
Shopee today,Shopping
Shopee today,Shopping
electronics in davao,Shopping
monthly Ace Hardware payment,Shopping
bought clothes from Watsons,Shopping
Lazada today,Shopping
Shopee expense,Shopping
electronics at Ace Hardware,Shopping
paid TikTok Shop clothes,Shopping
H&M today,Shopping
makeup at H&M,Shopping
Ace Hardware,Shopping
National Bookstore phone accessories,Shopping
makeup,Shopping
online order at Lazada,Shopping
clothes at TikTok Shop,Shopping
TikTok Shop today,Shopping
H&M,Shopping
paid Uniqlo electronics,Shopping
Watsons today,Shopping
Uniqlo makeup,Shopping
bought clothes from National Bookstore,Shopping
Ace Hardware expense,Shopping
new shirt,Shopping
Uniqlo expense,Shopping
school supplies at TikTok Shop,Shopping
school supplies in davao,Shopping
National Bookstore makeup,Shopping
TikTok Shop today,Shopping
Uniqlo today,Shopping
paid TikTok Shop new shirt,Shopping
school supplies in davao,Shopping
paid TikTok Shop online order,Shopping
Lazada new shoes,Shopping
Uniqlo new shoes,Shopping
paid Uniqlo school supplies,Shopping
new shoes at Lazada,Shopping
monthly Watsons payment,Shopping
bought electronics from National Bookstore,Shopping
H&M today,Shopping
National Bookstore expense,Shopping
monthly H&M payment,Shopping
monthly H&M payment,Shopping
Lazada clothes,Shopping
TikTok Shop today,Shopping
phone accessories at Lazada,Shopping
H&M expense,Shopping
TikTok Shop clothes,Shopping
Lazada today,Shopping
bought clothes from Uniqlo,Shopping
new shoes in davao,Shopping
makeup,Shopping
Uniqlo today,Shopping
new shirt at Lazada,Shopping
monthly Watsons payment,Shopping
National Bookstore school supplies,Shopping
paid Lazada electronics,Shopping
paid Ace Hardware school supplies,Shopping
phone accessories,Shopping
school supplies at Watsons,Shopping
makeup at National Bookstore,Shopping
bought makeup from Uniqlo,Shopping
paid TikTok Shop school supplies,Shopping
Uniqlo expense,Shopping
TikTok Shop,Shopping
National Bookstore expense,Shopping
bought online order from TikTok Shop,Shopping
monthly National Bookstore payment,Shopping
National Bookstore expense,Shopping
H&M,Shopping
electronics,Shopping
H&M today,Shopping
Watsons today,Shopping
bought phone accessories from TikTok Shop,Shopping
TikTok Shop expense,Shopping
Uniqlo,Shopping
paid Uniqlo school supplies,Shopping
makeup at Uniqlo,Shopping
online order at National Bookstore,Shopping
online order in davao,Shopping
Ace Hardware expense,Shopping
monthly Watsons payment,Shopping
monthly Ace Hardware payment,Shopping
phone accessories in davao,Shopping
TikTok Shop today,Shopping
paid Shopee online order,Shopping
electronics in davao,Shopping
Lazada expense,Shopping
phone accessories at H&M,Shopping
Ace Hardware makeup,Shopping
monthly H&M payment,Shopping
monthly TikTok Shop payment,Shopping
online order,Shopping
Ace Hardware expense,Shopping
phone accessories,Shopping
phone accessories at Shopee,Shopping
new shirt at Shopee,Shopping
bought new shirt from Lazada,Shopping
new shoes,Shopping
electronics,Shopping
Watsons,Shopping
bought makeup from TikTok Shop,Shopping
new shirt in davao,Shopping
online order in davao,Shopping
Watsons expense,Shopping
H&M today,Shopping
Shopee online order,Shopping
bought electronics from National Bookstore,Shopping
paid National Bookstore clothes,Shopping
Ace Hardware,Shopping
Ace Hardware expense,Shopping
monthly Lazada payment,Shopping
monthly Ace Hardware payment,Shopping
phone accessories,Shopping
Ace Hardware expense,Shopping
bought clothes from National Bookstore,Shopping
National Bookstore electronics,Shopping
H&M today,Shopping
monthly TikTok Shop payment,Shopping
phone accessories at Uniqlo,Shopping
paid National Bookstore online order,Shopping
National Bookstore online order,Shopping
monthly Lazada payment,Shopping
Ace Hardware expense,Shopping
Ace Hardware today,Shopping
monthly Ace Hardware payment,Shopping
electronics in davao,Shopping
bought makeup from National Bookstore,Shopping
National Bookstore expense,Shopping
monthly Watsons payment,Shopping
clothes,Shopping
phone accessories,Shopping
Uniqlo today,Shopping
online order in davao,Shopping
new shirt at TikTok Shop,Shopping
monthly Shopee payment,Shopping
electronics in davao,Shopping
new shoes at Uniqlo,Shopping
new shoes in davao,Shopping
monthly Ace Hardware payment,Shopping
H&M,Shopping
H&M online order,Shopping
TikTok Shop makeup,Shopping
new shoes in davao,Shopping
H&M expense,Shopping
monthly Lazada payment,Shopping
makeup,Shopping
online order in davao,Shopping
clothes at Shopee,Shopping
makeup in davao,Shopping
monthly Watsons payment,Shopping
bought new shirt from TikTok Shop,Shopping
Shopee expense,Shopping
TikTok Shop today,Shopping
paid TikTok Shop electronics,Shopping
National Bookstore,Shopping
makeup,Shopping
Uniqlo school supplies,Shopping
paid H&M makeup,Shopping
Uniqlo expense,Shopping
Watsons today,Shopping
Shopee today,Shopping
Watsons,Shopping
H&M,Shopping
new shoes at Watsons,Shopping
phone accessories at Watsons,Shopping
online order in davao,Shopping
online order at H&M,Shopping
paid Uniqlo electronics,Shopping
bought phone accessories from H&M,Shopping
makeup in davao,Shopping
H&M,Shopping
Watsons online order,Shopping
bought online order from Uniqlo,Shopping
new shirt,Shopping
H&M today,Shopping
paid H&M online order,Shopping
Shopee expense,Shopping
Shopee today,Shopping
National Bookstore today,Shopping
school supplies in davao,Shopping
clothes in davao,Shopping
Watsons expense,Shopping
paid Lazada new shirt,Shopping
monthly National Bookstore payment,Shopping
monthly H&M payment,Shopping
makeup,Shopping
Watsons new shoes,Shopping
National Bookstore new shirt,Shopping
Lazada today,Shopping
clothes,Shopping
online order,Shopping
bought makeup from TikTok Shop,Shopping
bought clothes from Ace Hardware,Shopping
H&M expense,Shopping
makeup at Ace Hardware,Shopping
Lazada,Shopping
Shopee,Shopping
Uniqlo phone accessories,Shopping
Uniqlo today,Shopping
paid Shopee phone accessories,Shopping
phone accessories at TikTok Shop,Shopping
H&M online order,Shopping
makeup at Watsons,Shopping
National Bookstore today,Shopping
bought electronics from H&M,Shopping
new shirt at Uniqlo,Shopping
online order at Uniqlo,Shopping
new shirt in davao,Shopping
National Bookstore,Shopping
monthly TikTok Shop payment,Shopping
National Bookstore expense,Shopping
paid Uniqlo new shoes,Shopping
Ace Hardware today,Shopping
paid Ace Hardware new shoes,Shopping
Watsons,Shopping
monthly H&M payment,Shopping
Lazada expense,Shopping
paid Shopee clothes,Shopping
H&M expense,Shopping
Ace Hardware expense,Shopping
new shirt,Shopping
paid Lazada clothes,Shopping
bought clothes from Ace Hardware,Shopping
Ace Hardware expense,Shopping
H&M,Shopping
Watsons expense,Shopping
new shoes at Shopee,Shopping
Uniqlo school supplies,Shopping
school supplies in davao,Shopping
Shopee today,Shopping
makeup,Shopping
National Bookstore today,Shopping
Ace Hardware today,Shopping
H&M electronics,Shopping
paid Ace Hardware school supplies,Shopping
paid National Bookstore clothes,Shopping
clothes in davao,Shopping
Watsons new shoes,Shopping
H&M,Shopping
National Bookstore expense,Shopping
new shoes in davao,Shopping
Lazada,Shopping
Watsons expense,Shopping
paid TikTok Shop electronics,Shopping
clothes,Shopping
phone accessories in davao,Shopping
monthly Uniqlo payment,Shopping
bought phone accessories from Uniqlo,Shopping
H&M today,Shopping
Watsons electronics,Shopping
Watsons,Shopping
monthly H&M payment,Shopping
bought clothes from TikTok Shop,Shopping
National Bookstore clothes,Shopping
Shopee expense,Shopping
paid Ace Hardware online order,Shopping
paid Watsons new shirt,Shopping
electronics in davao,Shopping
new shoes in davao,Shopping
Uniqlo today,Shopping
online order in davao,Shopping
National Bookstore,Shopping
paid Shopee makeup,Shopping
new shirt in davao,Shopping
H&M expense,Shopping
TikTok Shop expense,Shopping
H&M phone accessories,Shopping
phone accessories at Ace Hardware,Shopping
phone accessories at Shopee,Shopping
H&M expense,Shopping
monthly Ace Hardware payment,Shopping
bought electronics from Shopee,Shopping
Uniqlo,Shopping
bought online order from Lazada,Shopping
monthly Lazada payment,Shopping
Uniqlo,Shopping
monthly Shopee payment,Shopping
makeup in davao,Shopping
clothes in davao,Shopping
new shirt,Shopping
monthly Ace Hardware payment,Shopping
H&M expense,Shopping
Shopee today,Shopping
Lazada expense,Shopping
Watsons today,Shopping
Shopee school supplies,Shopping
TikTok Shop,Shopping
H&M today,Shopping
H&M makeup,Shopping
new shoes,Shopping
TikTok Shop electronics,Shopping
bought new shoes from Shopee,Shopping
makeup,Shopping
National Bookstore new shoes,Shopping
paid National Bookstore phone accessories,Shopping
Shopee school supplies,Shopping
new shirt at Lazada,Shopping
Watsons expense,Shopping
Ace Hardware,Shopping
paid Uniqlo makeup,Shopping
Ace Hardware expense,Shopping
bought school supplies from National Bookstore,Shopping
Ace Hardware today,Shopping
Lazada clothes,Shopping
monthly Uniqlo payment,Shopping
monthly TikTok Shop payment,Shopping
National Bookstore,Shopping
phone accessories in davao,Shopping
Uniqlo online order,Shopping
clothes,Shopping
bought makeup from Lazada,Shopping
monthly National Bookstore payment,Shopping
makeup in davao,Shopping
paid Shopee new shoes,Shopping
TikTok Shop,Shopping
Lazada expense,Shopping
paid Ace Hardware new shoes,Shopping
monthly TikTok Shop payment,Shopping
H&M today,Shopping
Shopee expense,Shopping
bought online order from Lazada,Shopping
Uniqlo,Shopping
paid National Bookstore new shirt,Shopping
bought new shoes from H&M,Shopping
monthly Shopee payment,Shopping
Shopee today,Shopping
new shirt,Shopping
new shoes,Shopping
phone accessories in davao,Shopping
Uniqlo today,Shopping
H&M online order,Shopping
new shirt at Shopee,Shopping
makeup,Shopping
clothes at TikTok Shop,Shopping
monthly Lazada payment,Shopping
paid Lazada clothes,Shopping
monthly Ace Hardware payment,Shopping
bought electronics from Uniqlo,Shopping
Ace Hardware today,Shopping
online order in davao,Shopping
phone accessories at Uniqlo,Shopping
paid H&M school supplies,Shopping
Watsons today,Shopping
paid TikTok Shop online order,Shopping
electronics in davao,Shopping
Watsons expense,Shopping
phone accessories,Shopping
Lazada makeup,Shopping
monthly H&M payment,Shopping
Ace Hardware clothes,Shopping
Watsons expense,Shopping
clothes at H&M,Shopping
Shopee expense,Shopping
TikTok Shop today,Shopping
Shopee expense,Shopping
school supplies,Shopping
TikTok Shop,Shopping
new shirt,Shopping
paid National Bookstore electronics,Shopping
Uniqlo,Shopping
electronics in davao,Shopping
monthly Uniqlo payment,Shopping
Watsons expense,Shopping
online order,Shopping
Uniqlo,Shopping
monthly Ace Hardware payment,Shopping
new shoes in davao,Shopping
TikTok Shop expense,Shopping
Ace Hardware,Shopping
monthly Lazada payment,Shopping
school supplies in davao,Shopping
clothes,Shopping
monthly Watsons payment,Shopping
TikTok Shop new shirt,Shopping
school supplies at Lazada,Shopping
clothes in davao,Shopping
National Bookstore today,Shopping
paid H&M makeup,Shopping
Uniqlo today,Shopping
National Bookstore electronics,Shopping
monthly Ace Hardware payment,Shopping
Shopee expense,Shopping
TikTok Shop today,Shopping
bought new shoes from Uniqlo,Shopping
bought clothes from TikTok Shop,Shopping
Shopee expense,Shopping
Ace Hardware expense,Shopping
new shirt in davao,Shopping
clothes at Uniqlo,Shopping
Ace Hardware today,Shopping
H&M expense,Shopping
new shoes at Ace Hardware,Shopping
H&M expense,Shopping
monthly Ace Hardware payment,Shopping
new shoes,Shopping
school supplies,Shopping
new shoes at Uniqlo,Shopping
monthly Watsons payment,Shopping
National Bookstore phone accessories,Shopping
monthly TikTok Shop payment,Shopping
Lazada expense,Shopping
H&M expense,Shopping
bought clothes from Ace Hardware,Shopping
Uniqlo expense,Shopping
school supplies,Shopping
makeup in davao,Shopping
new shirt,Shopping
paid Watsons new shoes,Shopping
electronics at H&M,Shopping
Shopee expense,Shopping
clothes in davao,Shopping
Uniqlo,Shopping
TikTok Shop online order,Shopping
monthly H&M payment,Shopping
Watsons makeup,Shopping
paid TikTok Shop new shoes,Shopping
bought new shoes from Watsons,Shopping
electronics at Shopee,Shopping
Lazada online order,Shopping
clothes at National Bookstore,Shopping
TikTok Shop,Shopping
bought electronics from Ace Hardware,Shopping
new shirt at Shopee,Shopping
TikTok Shop online order,Shopping
H&M clothes,Shopping
Watsons clothes,Shopping
monthly Ace Hardware payment,Shopping
Lazada expense,Shopping
bought school supplies from Shopee,Shopping
monthly Watsons payment,Shopping
online order in davao,Shopping
National Bookstore,Shopping
phone accessories at Lazada,Shopping
Lazada expense,Shopping
online order in davao,Shopping
bought new shoes from Shopee,Shopping
new shirt at Shopee,Shopping
paid H&M makeup,Shopping
paid Lazada school supplies,Shopping
makeup at TikTok Shop,Shopping
Uniqlo expense,Shopping
bought electronics from Lazada,Shopping
monthly Ace Hardware payment,Shopping
monthly Shopee payment,Shopping
Lazada expense,Shopping
phone accessories in davao,Shopping
paid TikTok Shop new shirt,Shopping
Lazada expense,Shopping
H&M clothes,Shopping
new shirt at Watsons,Shopping
H&M clothes,Shopping
new shoes,Shopping
paid Watsons school supplies,Shopping
phone accessories,Shopping
school supplies,Shopping
clothes,Shopping
Ace Hardware expense,Shopping
Shopee,Shopping
clothes in davao,Shopping
Uniqlo today,Shopping
monthly Uniqlo payment,Shopping
new shirt in davao,Shopping
electronics at Shopee,Shopping
bought online order from Shopee,Shopping
bought clothes from Uniqlo,Shopping
H&M expense,Shopping
new shirt at H&M,Shopping
H&M,Shopping
clothes at National Bookstore,Shopping
monthly National Bookstore payment,Shopping
monthly Watsons payment,Shopping
makeup in davao,Shopping
electronics in davao,Shopping
monthly TikTok Shop payment,Shopping
TikTok Shop expense,Shopping
Watsons,Shopping
paid H&M new shoes,Shopping
paid National Bookstore makeup,Shopping
monthly TikTok Shop payment,Shopping
online order,Shopping
online order,Shopping
phone accessories in davao,Shopping
H&M phone accessories,Shopping
monthly Ace Hardware payment,Shopping
TikTok Shop expense,Shopping
National Bookstore,Shopping
Ace Hardware clothes,Shopping
TikTok Shop expense,Shopping
online order,Shopping
monthly Uniqlo payment,Shopping
monthly National Bookstore payment,Shopping
Lazada online order,Shopping
TikTok Shop expense,Shopping
monthly Ace Hardware payment,Shopping
new shirt in davao,Shopping
bought school supplies from TikTok Shop,Shopping
makeup at Ace Hardware,Shopping
Shopee today,Shopping
new shoes at Shopee,Shopping
TikTok Shop,Shopping
Lazada expense,Shopping
paid Lazada new shoes,Shopping
monthly National Bookstore payment,Shopping
Shopee school supplies,Shopping
bought makeup from Ace Hardware,Shopping
new shirt,Shopping
clothes in davao,Shopping
paid Ace Hardware school supplies,Shopping
clothes at National Bookstore,Shopping
phone accessories at Watsons,Shopping
Ace Hardware today,Shopping
bought online order from National Bookstore,Shopping
paid Lazada new shirt,Shopping
paid Uniqlo clothes,Shopping
Shopee today,Shopping
clothes at Watsons,Shopping
makeup at Shopee,Shopping
monthly National Bookstore payment,Shopping
Lazada,Shopping
phone accessories in davao,Shopping
Shopee,Shopping
phone accessories,Shopping
monthly TikTok Shop payment,Shopping
Lazada expense,Shopping
new shirt,Shopping
school supplies at Uniqlo,Shopping
TikTok Shop expense,Shopping
paid Shopee new shoes,Shopping
monthly H&M payment,Shopping
TikTok Shop clothes,Shopping
bought makeup from Ace Hardware,Shopping
clothes,Shopping
Uniqlo new shoes,Shopping
Ace Hardware,Shopping
monthly H&M payment,Shopping
bought electronics from Lazada,Shopping
Lazada expense,Shopping
Watsons today,Shopping
Lazada expense,Shopping
bought makeup from Watsons,Shopping
monthly National Bookstore payment,Shopping
monthly Uniqlo payment,Shopping
Ace Hardware,Shopping
bought clothes from Watsons,Shopping
electronics in davao,Shopping
Lazada electronics,Shopping
paid Ace Hardware clothes,Shopping
monthly Ace Hardware payment,Shopping
National Bookstore electronics,Shopping
Lazada,Shopping
monthly Shopee payment,Shopping
TikTok Shop today,Shopping
Lazada expense,Shopping
Uniqlo today,Shopping
bought electronics from H&M,Shopping
bought school supplies from Ace Hardware,Shopping
Watsons,Shopping
new shoes at National Bookstore,Shopping
clothes,Shopping
bought new shoes from H&M,Shopping
Uniqlo clothes,Shopping
electronics,Shopping
phone accessories in davao,Shopping
H&M,Shopping
online order at National Bookstore,Shopping
Uniqlo expense,Shopping
paid TikTok Shop phone accessories,Shopping
bought clothes from Uniqlo,Shopping
bought online order from Ace Hardware,Shopping
Watsons expense,Shopping
paid Shopee makeup,Shopping
school supplies at National Bookstore,Shopping
school supplies,Shopping
Shopee expense,Shopping
monthly National Bookstore payment,Shopping
National Bookstore expense,Shopping
bought school supplies from National Bookstore,Shopping
electronics at H&M,Shopping
Shopee clothes,Shopping
Shopee expense,Shopping
Ace Hardware today,Shopping
makeup in davao,Shopping
phone accessories at Watsons,Shopping
Uniqlo,Shopping
school supplies in davao,Shopping
paid Uniqlo school supplies,Shopping
paid H&M school supplies,Shopping
Uniqlo makeup,Shopping
paid Ace Hardware clothes,Shopping
Shopee,Shopping
new shirt at H&M,Shopping
TikTok Shop clothes,Shopping
paid Ace Hardware new shoes,Shopping
school supplies at Watsons,Shopping
phone accessories at Uniqlo,Shopping
Uniqlo expense,Shopping
monthly TikTok Shop payment,Shopping
monthly Uniqlo payment,Shopping
phone accessories,Shopping
Lazada clothes,Shopping
monthly TikTok Shop payment,Shopping
paid Watsons electronics,Shopping
monthly H&M payment,Shopping
makeup in davao,Shopping
paid Watsons new shoes,Shopping
TikTok Shop expense,Shopping
Lazada expense,Shopping
Watsons electronics,Shopping
Shopee today,Shopping
makeup,Shopping
paid Uniqlo new shoes,Shopping
H&M,Shopping
Lazada,Shopping
monthly Lazada payment,Shopping
bought new shoes from TikTok Shop,Shopping
TikTok Shop phone accessories,Shopping
H&M expense,Shopping
Lazada,Shopping
TikTok Shop,Shopping
new shirt,Shopping
online order,Shopping
school supplies in davao,Shopping
National Bookstore expense,Shopping
bought makeup from H&M,Shopping
paid National Bookstore new shoes,Shopping
new shirt in davao,Shopping
Uniqlo today,Shopping
monthly Watsons payment,Shopping
makeup,Shopping
National Bookstore today,Shopping
school supplies at Ace Hardware,Shopping
bought clothes from Uniqlo,Shopping
online order in davao,Shopping
paid Lazada clothes,Shopping
Uniqlo today,Shopping
new shoes,Shopping
new shirt,Shopping
Ace Hardware,Shopping
Watsons expense,Shopping
electronics,Shopping
Watsons,Shopping
H&M today,Shopping
paid Uniqlo new shirt,Shopping
electronics,Shopping
Shopee,Shopping
Watsons online order,Shopping
H&M clothes,Shopping
Uniqlo today,Shopping
TikTok Shop,Shopping
Uniqlo expense,Shopping
phone accessories in davao,Shopping
National Bookstore clothes,Shopping
Watsons electronics,Shopping
Ace Hardware today,Shopping
Lazada expense,Shopping
TikTok Shop school supplies,Shopping
National Bookstore electronics,Shopping
H&M makeup,Shopping
makeup,Shopping
paid Watsons online order,Shopping
Ace Hardware,Shopping
bought school supplies from Shopee,Shopping
National Bookstore,Shopping
makeup at National Bookstore,Shopping
bought makeup from Ace Hardware,Shopping
Lazada expense,Shopping
H&M today,Shopping
H&M clothes,Shopping
bought electronics from TikTok Shop,Shopping
Lazada,Shopping
Shopee,Shopping
paid TikTok Shop new shoes,Shopping
monthly Lazada payment,Shopping
new shoes at TikTok Shop,Shopping
Lazada school supplies,Shopping
bought school supplies from Uniqlo,Shopping
new shirt in davao,Shopping
phone accessories in davao,Shopping
Shopee expense,Shopping
Ace Hardware today,Shopping
bought online order from Ace Hardware,Shopping
new shirt at National Bookstore,Shopping
bought clothes from Shopee,Shopping
paid Lazada makeup,Shopping
monthly Uniqlo payment,Shopping
Shopee,Shopping
phone accessories,Shopping
Watsons online order,Shopping
Uniqlo electronics,Shopping
TikTok Shop expense,Shopping
paid TikTok Shop new shirt,Shopping
Shopee school supplies,Shopping
bought electronics from Ace Hardware,Shopping
monthly Uniqlo payment,Shopping
Watsons makeup,Shopping
Watsons today,Shopping
National Bookstore,Shopping
bought phone accessories from National Bookstore,Shopping
bought makeup from National Bookstore,Shopping
Watsons clothes,Shopping
Uniqlo,Shopping
H&M new shoes,Shopping
bought electronics from National Bookstore,Shopping
online order,Shopping
new shirt at Lazada,Shopping
new shoes in davao,Shopping
school supplies in davao,Shopping
makeup,Shopping
electronics at H&M,Shopping
clothes in davao,Shopping
electronics at Ace Hardware,Shopping
makeup,Shopping
clothes,Shopping
electronics in davao,Shopping
paid TikTok Shop new shirt,Shopping
TikTok Shop,Shopping
TikTok Shop expense,Shopping
monthly Ace Hardware payment,Shopping
TikTok Shop expense,Shopping
Uniqlo today,Shopping
bought new shirt from Shopee,Shopping
Watsons expense,Shopping
bought online order from Lazada,Shopping
National Bookstore expense,Shopping
TikTok Shop online order,Shopping
monthly Uniqlo payment,Shopping
new shirt,Shopping
Lazada expense,Shopping
National Bookstore new shoes,Shopping
makeup at National Bookstore,Shopping
Uniqlo makeup,Shopping
paid Uniqlo new shirt,Shopping
Uniqlo today,Shopping
school supplies,Shopping
Lazada,Shopping
Lazada,Shopping
monthly Shopee payment,Shopping
monthly Lazada payment,Shopping
Lazada expense,Shopping
monthly H&M payment,Shopping
electronics in davao,Shopping
Shopee,Shopping
paid Uniqlo online order,Shopping
monthly National Bookstore payment,Shopping
TikTok Shop school supplies,Shopping
paid Ace Hardware online order,Shopping
new shoes,Shopping
Lazada new shoes,Shopping
H&M online order,Shopping
Uniqlo,Shopping
monthly Watsons payment,Shopping
TikTok Shop electronics,Shopping
Uniqlo today,Shopping
H&M today,Shopping
bought new shoes from National Bookstore,Shopping
Watsons today,Shopping
TikTok Shop,Shopping
H&M expense,Shopping
phone accessories at Ace Hardware,Shopping
phone accessories in davao,Shopping
monthly National Bookstore payment,Shopping
new shoes in davao,Shopping
bought new shirt from National Bookstore,Shopping
National Bookstore,Shopping
phone accessories at H&M,Shopping
school supplies at Uniqlo,Shopping
new shoes,Shopping
school supplies,Shopping
Shopee,Shopping
National Bookstore,Shopping
new shirt in davao,Shopping
bought makeup from Shopee,Shopping
online order,Shopping
monthly Shopee payment,Shopping
monthly H&M payment,Shopping
Lazada expense,Shopping
Watsons clothes,Shopping
H&M makeup,Shopping
monthly Uniqlo payment,Shopping
paid H&M makeup,Shopping
monthly Ace Hardware payment,Shopping
school supplies at Shopee,Shopping
bought new shirt from Shopee,Shopping
Lazada online order,Shopping
H&M,Shopping
clothes at Ace Hardware,Shopping
Ace Hardware today,Shopping
bought new shirt from H&M,Shopping
paid Shopee phone accessories,Shopping
phone accessories,Shopping
Lazada new shoes,Shopping
Uniqlo today,Shopping
phone accessories in davao,Shopping
monthly Uniqlo payment,Shopping
H&M expense,Shopping
monthly Uniqlo payment,Shopping
new shoes in davao,Shopping
Shopee online order,Shopping
Ace Hardware expense,Shopping
H&M expense,Shopping
Lazada expense,Shopping
Lazada expense,Shopping
Uniqlo online order,Shopping
bought online order from Ace Hardware,Shopping
Watsons new shoes,Shopping
new shirt at TikTok Shop,Shopping
makeup,Shopping
H&M,Shopping
online order,Shopping
bought new shoes from Ace Hardware,Shopping
Uniqlo today,Shopping
makeup at Ace Hardware,Shopping
new shoes at Uniqlo,Shopping
makeup in davao,Shopping
new shoes in davao,Shopping
National Bookstore today,Shopping
Ace Hardware online order,Shopping
Uniqlo today,Shopping
H&M today,Shopping
TikTok Shop,Shopping
new shoes,Shopping
Ace Hardware expense,Shopping
paid Ace Hardware electronics,Shopping
H&M,Shopping
Uniqlo today,Shopping
monthly Ace Hardware payment,Shopping
bought online order from Shopee,Shopping
bought new shirt from Lazada,Shopping
paid Watsons school supplies,Shopping
Lazada today,Shopping
Uniqlo expense,Shopping
online order,Shopping
new shoes in davao,Shopping
makeup at Ace Hardware,Shopping
paid H&M electronics,Shopping
Lazada expense,Shopping
new shoes,Shopping
Ace Hardware today,Shopping
Shopee electronics,Shopping
bought school supplies from Lazada,Shopping
clothes in davao,Shopping
Uniqlo makeup,Shopping
monthly H&M payment,Shopping
online order in davao,Shopping
National Bookstore,Shopping
Watsons clothes,Shopping
clothes in davao,Shopping
paid H&M school supplies,Shopping
new shoes at Watsons,Shopping
new shirt at Lazada,Shopping
Lazada school supplies,Shopping
clothes at Shopee,Shopping
online order,Shopping
bought electronics from Uniqlo,Shopping
paid Watsons school supplies,Shopping
Shopee phone accessories,Shopping
bought makeup from Watsons,Shopping
phone accessories at Lazada,Shopping
Lazada online order,Shopping
Lazada new shoes,Shopping
TikTok Shop,Shopping
Shopee,Shopping
monthly Watsons payment,Shopping
school supplies in davao,Shopping
monthly Uniqlo payment,Shopping
bought school supplies from Uniqlo,Shopping
Shopee,Shopping
monthly TikTok Shop payment,Shopping
new shoes,Shopping
monthly Uniqlo payment,Shopping
paid National Bookstore electronics,Shopping
Shopee today,Shopping
new shirt,Shopping
electronics in davao,Shopping
clothes,Shopping
Uniqlo today,Shopping
Shell,Transport
bought pamasahe from Move It,Transport
paid Grab motorcycle ride,Transport
Caltex parking fee,Transport
Phoenix motorcycle ride,Transport
Caltex today,Transport
Caltex expense,Transport
Move It diesel,Transport
diesel,Transport
paid Lalamove pamasahe,Transport
bought toll fee from Angkas,Transport
bus fare,Transport
monthly Caltex payment,Transport
Angkas today,Transport
Move It,Transport
toll fee in davao,Transport
bought parking fee from Lalamove,Transport
Angkas pamasahe,Transport
grab ride in davao,Transport
commute at Shell,Transport
Shell today,Transport
diesel at Caltex,Transport
Caltex expense,Transport
Shell,Transport
gasoline at Seaoil,Transport
grab ride,Transport
motorcycle ride in davao,Transport
motorcycle ride,Transport
Petron today,Transport
Move It today,Transport
monthly Grab payment,Transport
Move It gasoline,Transport
bus fare at Phoenix,Transport
paid JoyRide toll fee,Transport
Grab,Transport
Caltex today,Transport
parking fee in davao,Transport
Caltex expense,Transport
paid Shell motorcycle ride,Transport
monthly Petron payment,Transport
paid Phoenix bus fare,Transport
bus fare,Transport
paid Seaoil motorcycle ride,Transport
fuel refill in davao,Transport
bus fare,Transport
Shell fuel refill,Transport
paid Petron commute,Transport
Shell,Transport
monthly Angkas payment,Transport
Seaoil expense,Transport
monthly Angkas payment,Transport
fuel refill in davao,Transport
Phoenix today,Transport
bought diesel from Angkas,Transport
Lalamove today,Transport
bought pamasahe from Caltex,Transport
Petron toll fee,Transport
commute,Transport
pamasahe at Seaoil,Transport
commute in davao,Transport
Phoenix today,Transport
grab ride at Petron,Transport
monthly Seaoil payment,Transport
pamasahe,Transport
pamasahe at Shell,Transport
Move It commute,Transport
paid Lalamove diesel,Transport
Petron expense,Transport
fuel refill in davao,Transport
pamasahe in davao,Transport
monthly Move It payment,Transport
grab ride at JoyRide,Transport
Phoenix,Transport
JoyRide expense,Transport
diesel in davao,Transport
bus fare at Grab,Transport
Phoenix,Transport
gasoline in davao,Transport
paid Angkas diesel,Transport
monthly Grab payment,Transport
parking fee,Transport
paid Caltex motorcycle ride,Transport
Caltex motorcycle ride,Transport
Angkas today,Transport
fuel refill,Transport
paid Shell diesel,Transport
Lalamove expense,Transport
Shell today,Transport
Move It expense,Transport
Shell today,Transport
paid Seaoil parking fee,Transport
bus fare at Shell,Transport
toll fee in davao,Transport
Move It today,Transport
Seaoil,Transport
Phoenix expense,Transport
paid Caltex fuel refill,Transport
Move It toll fee,Transport
paid Shell parking fee,Transport
Shell motorcycle ride,Transport
Lalamove expense,Transport
paid Angkas toll fee,Transport
paid Shell grab ride,Transport
gasoline at Grab,Transport
gasoline,Transport
paid Caltex pamasahe,Transport
bought fuel refill from Grab,Transport
Seaoil,Transport
monthly JoyRide payment,Transport
bought toll fee from Move It,Transport
motorcycle ride in davao,Transport
paid Caltex fuel refill,Transport
Phoenix,Transport
JoyRide,Transport
monthly Lalamove payment,Transport
JoyRide fuel refill,Transport
parking fee in davao,Transport
bought grab ride from Petron,Transport
Shell today,Transport
paid Seaoil parking fee,Transport
Shell,Transport
bought bus fare from Move It,Transport
pamasahe,Transport
paid Seaoil diesel,Transport
monthly Petron payment,Transport
monthly Caltex payment,Transport
paid Phoenix grab ride,Transport
motorcycle ride at Shell,Transport
motorcycle ride,Transport
Move It,Transport
toll fee,Transport
monthly Angkas payment,Transport
Grab,Transport
JoyRide,Transport
Seaoil expense,Transport
bought diesel from Caltex,Transport
Move It today,Transport
monthly Lalamove payment,Transport
diesel,Transport
grab ride at JoyRide,Transport
gasoline at Petron,Transport
commute,Transport
diesel at JoyRide,Transport
fuel refill at JoyRide,Transport
monthly Shell payment,Transport
Petron,Transport
Grab expense,Transport
toll fee in davao,Transport
Seaoil,Transport
gasoline in davao,Transport
bought grab ride from Caltex,Transport
Petron,Transport
Move It today,Transport
bus fare,Transport
monthly Angkas payment,Transport
motorcycle ride,Transport
parking fee in davao,Transport
Seaoil today,Transport
Move It,Transport
paid JoyRide motorcycle ride,Transport
pamasahe,Transport
Shell today,Transport
gasoline,Transport
bought toll fee from Lalamove,Transport
Lalamove today,Transport
motorcycle ride in davao,Transport
Petron today,Transport
gasoline,Transport
Phoenix gasoline,Transport
parking fee,Transport
paid Grab pamasahe,Transport
Seaoil,Transport
Shell,Transport
Caltex today,Transport
bus fare in davao,Transport
Seaoil,Transport
Shell expense,Transport
Shell,Transport
Grab grab ride,Transport
Seaoil diesel,Transport
bought toll fee from Seaoil,Transport
Petron,Transport
fuel refill at Phoenix,Transport
bus fare,Transport
parking fee in davao,Transport
Shell expense,Transport
monthly Caltex payment,Transport
parking fee at Lalamove,Transport
Shell gasoline,Transport
Lalamove,Transport
Petron diesel,Transport
monthly JoyRide payment,Transport
monthly Shell payment,Transport
parking fee,Transport
toll fee,Transport
bought pamasahe from Lalamove,Transport
bought gasoline from Lalamove,Transport
Lalamove gasoline,Transport
parking fee in davao,Transport
bought motorcycle ride from Move It,Transport
paid Shell fuel refill,Transport
Lalamove,Transport
Grab parking fee,Transport
pamasahe,Transport
Move It today,Transport
Shell diesel,Transport
bought motorcycle ride from Grab,Transport
bus fare in davao,Transport
toll fee,Transport
monthly Angkas payment,Transport
Phoenix expense,Transport
Angkas expense,Transport
bus fare,Transport
paid Move It grab ride,Transport
Grab,Transport
parking fee at JoyRide,Transport
Lalamove,Transport
Petron fuel refill,Transport
motorcycle ride at Lalamove,Transport
monthly Move It payment,Transport
JoyRide,Transport
bought bus fare from Caltex,Transport
bought diesel from Lalamove,Transport
Caltex today,Transport
Caltex today,Transport
monthly Petron payment,Transport
Move It fuel refill,Transport
Shell,Transport
Lalamove expense,Transport
monthly Seaoil payment,Transport
pamasahe,Transport
Phoenix expense,Transport
commute,Transport
pamasahe in davao,Transport
Angkas diesel,Transport
Shell today,Transport
motorcycle ride in davao,Transport
motorcycle ride at Lalamove,Transport
diesel at Petron,Transport
parking fee in davao,Transport
parking fee in davao,Transport
paid Grab commute,Transport
Grab,Transport
monthly Lalamove payment,Transport
Petron today,Transport
paid Move It pamasahe,Transport
paid Petron parking fee,Transport
monthly Phoenix payment,Transport
Move It parking fee,Transport
pamasahe at JoyRide,Transport
bought pamasahe from Shell,Transport
bought gasoline from Seaoil,Transport
commute,Transport
Seaoil expense,Transport
bought diesel from Grab,Transport
Lalamove,Transport
JoyRide expense,Transport
toll fee in davao,Transport
bought motorcycle ride from Seaoil,Transport
bought parking fee from Move It,Transport
Lalamove,Transport
pamasahe,Transport
Petron parking fee,Transport
diesel at Lalamove,Transport
toll fee,Transport
Move It expense,Transport
diesel in davao,Transport
Shell fuel refill,Transport
paid Petron grab ride,Transport
parking fee in davao,Transport
toll fee,Transport
JoyRide expense,Transport
Move It,Transport
diesel in davao,Transport
monthly Petron payment,Transport
grab ride,Transport
Lalamove today,Transport
monthly Grab payment,Transport
Shell,Transport
gasoline,Transport
JoyRide expense,Transport
JoyRide gasoline,Transport
monthly Seaoil payment,Transport
bought parking fee from Lalamove,Transport
paid Seaoil commute,Transport
toll fee,Transport
Phoenix today,Transport
paid Move It parking fee,Transport
JoyRide,Transport
monthly Phoenix payment,Transport
fuel refill in davao,Transport
paid Angkas motorcycle ride,Transport
diesel in davao,Transport
Caltex expense,Transport
paid JoyRide commute,Transport
monthly JoyRide payment,Transport
Lalamove,Transport
paid Shell diesel,Transport
bought fuel refill from Grab,Transport
bought bus fare from Grab,Transport
parking fee in davao,Transport
Petron grab ride,Transport
Angkas expense,Transport
bus fare in davao,Transport
Lalamove expense,Transport
Seaoil today,Transport
Caltex,Transport
motorcycle ride in davao,Transport
Caltex,Transport
paid Move It fuel refill,Transport
Angkas expense,Transport
monthly JoyRide payment,Transport
commute,Transport
paid Petron toll fee,Transport
paid Move It fuel refill,Transport
bought fuel refill from Grab,Transport
gasoline at Caltex,Transport
diesel at Move It,Transport
grab ride at Angkas,Transport
toll fee,Transport
paid Caltex grab ride,Transport
Grab commute,Transport
Shell today,Transport
diesel at Seaoil,Transport
JoyRide expense,Transport
Move It fuel refill,Transport
monthly Angkas payment,Transport
fuel refill,Transport
fuel refill,Transport
monthly Move It payment,Transport
grab ride in davao,Transport
bought gasoline from Caltex,Transport
Caltex today,Transport
fuel refill,Transport
bus fare,Transport
Move It,Transport
paid Move It parking fee,Transport
JoyRide motorcycle ride,Transport
monthly Move It payment,Transport
paid Move It grab ride,Transport
commute at Shell,Transport
Angkas,Transport
Caltex commute,Transport
commute,Transport
fuel refill,Transport
bought parking fee from JoyRide,Transport
gasoline in davao,Transport
monthly Petron payment,Transport
Caltex expense,Transport
bus fare,Transport
monthly Move It payment,Transport
Phoenix diesel,Transport
Phoenix expense,Transport
Move It bus fare,Transport
Angkas grab ride,Transport
bought diesel from Lalamove,Transport
Angkas expense,Transport
Shell,Transport
paid Caltex toll fee,Transport
Grab,Transport
fuel refill in davao,Transport
Petron,Transport
parking fee,Transport
Move It today,Transport
monthly Petron payment,Transport
Move It gasoline,Transport
motorcycle ride in davao,Transport
bought parking fee from Caltex,Transport
toll fee in davao,Transport
fuel refill,Transport
Seaoil,Transport
motorcycle ride in davao,Transport
Lalamove,Transport
paid Angkas motorcycle ride,Transport
Move It today,Transport
Move It motorcycle ride,Transport
diesel in davao,Transport
toll fee,Transport
fuel refill in davao,Transport
Shell motorcycle ride,Transport
Shell expense,Transport
monthly Seaoil payment,Transport
pamasahe,Transport
motorcycle ride,Transport
toll fee in davao,Transport
toll fee in davao,Transport
Move It today,Transport
gasoline at Phoenix,Transport
gasoline,Transport
monthly Shell payment,Transport
gasoline,Transport
diesel,Transport
parking fee,Transport
monthly Shell payment,Transport
monthly Petron payment,Transport
gasoline,Transport
bus fare in davao,Transport
JoyRide expense,Transport
grab ride,Transport
paid JoyRide bus fare,Transport
fuel refill,Transport
pamasahe in davao,Transport
Seaoil motorcycle ride,Transport
Phoenix parking fee,Transport
fuel refill at Petron,Transport
pamasahe,Transport
paid JoyRide toll fee,Transport
bought fuel refill from Grab,Transport
Angkas,Transport
grab ride in davao,Transport
diesel,Transport
Move It,Transport
bus fare at Caltex,Transport
JoyRide,Transport
paid Shell gasoline,Transport
monthly Angkas payment,Transport
monthly Petron payment,Transport
bought bus fare from Petron,Transport
grab ride at Caltex,Transport
Lalamove expense,Transport
paid Petron fuel refill,Transport
monthly Angkas payment,Transport
Angkas expense,Transport
Angkas,Transport
bought commute from Lalamove,Transport
Seaoil commute,Transport
Shell today,Transport
pamasahe,Transport
Angkas toll fee,Transport
motorcycle ride in davao,Transport
pamasahe at Seaoil,Transport
Move It expense,Transport
pamasahe at Shell,Transport
Lalamove gasoline,Transport
paid Shell bus fare,Transport
monthly Lalamove payment,Transport
diesel,Transport
parking fee in davao,Transport
paid Move It parking fee,Transport
parking fee in davao,Transport
Phoenix grab ride,Transport
JoyRide,Transport
Caltex today,Transport
gasoline in davao,Transport
monthly Lalamove payment,Transport
toll fee in davao,Transport
monthly Grab payment,Transport
grab ride in davao,Transport
commute at Petron,Transport
bought grab ride from Grab,Transport
monthly Phoenix payment,Transport
motorcycle ride,Transport
Phoenix,Transport
Caltex expense,Transport
Lalamove expense,Transport
paid Petron motorcycle ride,Transport
Angkas today,Transport
Lalamove expense,Transport
Lalamove bus fare,Transport
bus fare at Grab,Transport
commute in davao,Transport
Angkas grab ride,Transport
Grab expense,Transport
gasoline,Transport
bought diesel from Grab,Transport
Grab grab ride,Transport
monthly Shell payment,Transport
Petron today,Transport
JoyRide expense,Transport
paid Angkas motorcycle ride,Transport
Grab today,Transport
grab ride in davao,Transport
gasoline in davao,Transport
motorcycle ride in davao,Transport
Grab,Transport
Move It,Transport
pamasahe at Caltex,Transport
paid Grab bus fare,Transport
Angkas,Transport
monthly Move It payment,Transport
paid Move It gasoline,Transport
Angkas expense,Transport
bought fuel refill from Angkas,Transport
motorcycle ride at Petron,Transport
Seaoil expense,Transport
Angkas,Transport
pamasahe,Transport
Caltex,Transport
monthly Angkas payment,Transport
paid Move It bus fare,Transport
Petron expense,Transport
parking fee,Transport
monthly Caltex payment,Transport
bought gasoline from Angkas,Transport
Move It today,Transport
paid Lalamove parking fee,Transport
gasoline at Move It,Transport
bus fare in davao,Transport
Move It today,Transport
bus fare in davao,Transport
paid Seaoil parking fee,Transport
monthly Seaoil payment,Transport
toll fee,Transport
motorcycle ride at Shell,Transport
fuel refill,Transport
fuel refill,Transport
paid JoyRide pamasahe,Transport
parking fee in davao,Transport
toll fee,Transport
Caltex,Transport
monthly Phoenix payment,Transport
monthly Petron payment,Transport
monthly Grab payment,Transport
monthly Move It payment,Transport
fuel refill in davao,Transport
commute at Angkas,Transport
Lalamove expense,Transport
grab ride at Petron,Transport
bought motorcycle ride from Caltex,Transport
monthly Angkas payment,Transport
fuel refill,Transport
Shell pamasahe,Transport
commute at Phoenix,Transport
paid Angkas motorcycle ride,Transport
bought parking fee from Lalamove,Transport
monthly Lalamove payment,Transport
Caltex today,Transport
paid Lalamove pamasahe,Transport
bought pamasahe from Caltex,Transport
bought pamasahe from Phoenix,Transport
toll fee in davao,Transport
Grab,Transport
parking fee,Transport
toll fee,Transport
motorcycle ride in davao,Transport
Petron,Transport
bought commute from Lalamove,Transport
bought parking fee from JoyRide,Transport
paid Phoenix motorcycle ride,Transport
paid Lalamove diesel,Transport
grab ride at Shell,Transport
Grab,Transport
monthly Move It payment,Transport
Move It fuel refill,Transport
monthly Shell payment,Transport
Seaoil today,Transport
Shell expense,Transport
Move It expense,Transport
monthly Phoenix payment,Transport
bought pamasahe from Shell,Transport
Lalamove today,Transport
Phoenix today,Transport
bought gasoline from Shell,Transport
fuel refill in davao,Transport
Grab today,Transport
Seaoil diesel,Transport
Angkas today,Transport
Lalamove today,Transport
bought fuel refill from Shell,Transport
monthly JoyRide payment,Transport
bus fare in davao,Transport
Lalamove today,Transport
monthly Caltex payment,Transport
Caltex,Transport
diesel in davao,Transport
bought grab ride from Grab,Transport
monthly Seaoil payment,Transport
Phoenix bus fare,Transport
diesel,Transport
paid Shell motorcycle ride,Transport
Angkas today,Transport
bought pamasahe from Move It,Transport
monthly Move It payment,Transport
bought pamasahe from Phoenix,Transport
Angkas,Transport
commute,Transport
parking fee at Seaoil,Transport
Phoenix fuel refill,Transport
bought bus fare from JoyRide,Transport
bought motorcycle ride from Lalamove,Transport
bus fare in davao,Transport
toll fee in davao,Transport
bought pamasahe from Seaoil,Transport
diesel at Grab,Transport
Petron today,Transport
Phoenix today,Transport
Seaoil,Transport
bought pamasahe from Phoenix,Transport
Phoenix gasoline,Transport
Petron,Transport
bus fare,Transport
bought fuel refill from JoyRide,Transport
motorcycle ride,Transport
Move It fuel refill,Transport
Angkas,Transport
Phoenix grab ride,Transport
bought parking fee from Angkas,Transport
Lalamove expense,Transport
Angkas today,Transport
Angkas expense,Transport
monthly Move It payment,Transport
diesel at Phoenix,Transport
JoyRide diesel,Transport
paid Phoenix diesel,Transport
Shell expense,Transport
Petron fuel refill,Transport
monthly Petron payment,Transport
Caltex,Transport
bought fuel refill from Lalamove,Transport
monthly Angkas payment,Transport
Petron expense,Transport
Shell,Transport
diesel at Caltex,Transport
diesel,Transport
paid Petron commute,Transport
commute,Transport
Lalamove today,Transport
bus fare,Transport
Petron today,Transport
Angkas,Transport
monthly Caltex payment,Transport
Move It diesel,Transport
diesel,Transport
Seaoil today,Transport
motorcycle ride in davao,Transport
Shell bus fare,Transport
toll fee,Transport
diesel,Transport
Phoenix expense,Transport
Lalamove today,Transport
bought bus fare from JoyRide,Transport
Seaoil gasoline,Transport
pamasahe,Transport
Grab grab ride,Transport
bought diesel from Grab,Transport
bought fuel refill from Shell,Transport
diesel at JoyRide,Transport
paid Move It motorcycle ride,Transport
Grab expense,Transport
bought parking fee from Petron,Transport
bought pamasahe from Seaoil,Transport
monthly Caltex payment,Transport
diesel in davao,Transport
gasoline in davao,Transport
Shell expense,Transport
JoyRide expense,Transport
Shell,Transport
monthly Seaoil payment,Transport
bus fare,Transport
diesel at Move It,Transport
paid Grab commute,Transport
Angkas motorcycle ride,Transport
pamasahe at Phoenix,Transport
Seaoil expense,Transport
bought grab ride from JoyRide,Transport
Lalamove today,Transport
parking fee in davao,Transport
bought grab ride from Shell,Transport
gasoline at Move It,Transport
bought motorcycle ride from Move It,Transport
Phoenix today,Transport
paid Caltex diesel,Transport
bought parking fee from Grab,Transport
paid Move It bus fare,Transport
Petron today,Transport
bus fare,Transport
grab ride at Lalamove,Transport
Phoenix expense,Transport
monthly Phoenix payment,Transport
Angkas gasoline,Transport
bought motorcycle ride from Shell,Transport
grab ride at Move It,Transport
commute at Lalamove,Transport
parking fee,Transport
Move It fuel refill,Transport
paid Phoenix commute,Transport
Angkas,Transport
Grab,Transport
JoyRide,Transport
gasoline,Transport
Caltex today,Transport
Lalamove commute,Transport
Petron today,Transport
paid Angkas diesel,Transport
monthly Caltex payment,Transport
gasoline,Transport
Lalamove today,Transport
Grab expense,Transport
JoyRide expense,Transport
Lalamove,Transport
parking fee at Lalamove,Transport
motorcycle ride in davao,Transport
Move It expense,Transport
Grab today,Transport
JoyRide,Transport
monthly Caltex payment,Transport
Lalamove expense,Transport
bought bus fare from Move It,Transport
commute in davao,Transport
monthly JoyRide payment,Transport
fuel refill in davao,Transport
bought diesel from Move It,Transport
Phoenix,Transport
Petron expense,Transport
bought pamasahe from Grab,Transport
toll fee in davao,Transport
diesel,Transport
Petron today,Transport
commute at Petron,Transport
commute,Transport
Seaoil today,Transport
Phoenix expense,Transport
paid Move It pamasahe,Transport
Petron,Transport
Seaoil today,Transport
diesel in davao,Transport
motorcycle ride at Phoenix,Transport
JoyRide fuel refill,Transport
bus fare at Lalamove,Transport
Phoenix expense,Transport
Move It today,Transport
Angkas expense,Transport
Lalamove gasoline,Transport
pamasahe,Transport
motorcycle ride at Petron,Transport
Angkas today,Transport
Angkas motorcycle ride,Transport
pamasahe,Transport
motorcycle ride at Caltex,Transport
monthly Petron payment,Transport
bought gasoline from JoyRide,Transport
bus fare at Petron,Transport
fuel refill in davao,Transport
diesel in davao,Transport
bought grab ride from Phoenix,Transport
fuel refill,Transport
Grab pamasahe,Transport
Angkas today,Transport
JoyRide today,Transport
Shell today,Transport
monthly Angkas payment,Transport
Phoenix today,Transport
motorcycle ride,Transport
paid Petron parking fee,Transport
Seaoil,Transport
grab ride at JoyRide,Transport
Lalamove grab ride,Transport
monthly Grab payment,Transport
Move It today,Transport
bought parking fee from Seaoil,Transport
Lalamove toll fee,Transport
diesel,Transport
monthly JoyRide payment,Transport
paid Petron grab ride,Transport
grab ride in davao,Transport
Move It gasoline,Transport
paid Shell diesel,Transport
bought commute from Lalamove,Transport
commute at Seaoil,Transport
paid Angkas fuel refill,Transport
Petron expense,Transport
monthly Phoenix payment,Transport
JoyRide today,Transport
Lalamove today,Transport
Petron gasoline,Transport
bought grab ride from Caltex,Transport
Petron expense,Transport
paid Petron commute,Transport
monthly Lalamove payment,Transport
Lalamove expense,Transport
gasoline,Transport
Phoenix expense,Transport
Lalamove today,Transport
bought parking fee from JoyRide,Transport
Seaoil,Transport
monthly Lalamove payment,Transport
gasoline,Transport
paid Caltex motorcycle ride,Transport
gasoline,Transport
bought diesel from Lalamove,Transport
Grab today,Transport
Seaoil expense,Transport
Move It motorcycle ride,Transport
motorcycle ride in davao,Transport
Lalamove today,Transport
paid Phoenix pamasahe,Transport
bus fare at Lalamove,Transport
Shell expense,Transport
paid Grab commute,Transport
Grab expense,Transport
pamasahe at Shell,Transport
gasoline,Transport
Angkas expense,Transport
paid Phoenix bus fare,Transport
bought motorcycle ride from JoyRide,Transport
paid Shell toll fee,Transport
Phoenix parking fee,Transport
bought grab ride from Caltex,Transport
Grab expense,Transport
JoyRide,Transport
Phoenix today,Transport
Move It gasoline,Transport
monthly Shell payment,Transport
commute,Transport
paid JoyRide bus fare,Transport
paid Move It commute,Transport
Shell expense,Transport
fuel refill,Transport
Move It today,Transport
Angkas expense,Transport
gasoline,Transport
commute at Grab,Transport
bus fare in davao,Transport
commute in davao,Transport
Shell today,Transport
Grab today,Transport
Petron expense,Transport
bought grab ride from Lalamove,Transport
Seaoil,Transport
diesel,Transport
bus fare in davao,Transport
JoyRide toll fee,Transport
Phoenix,Transport
Lalamove grab ride,Transport
monthly Petron payment,Transport
Grab fuel refill,Transport
gasoline in davao,Transport
Petron,Transport
Caltex expense,Transport
monthly Angkas payment,Transport
Shell expense,Transport
Move It,Transport
pamasahe,Transport
Phoenix,Transport
Caltex expense,Transport
paid Angkas pamasahe,Transport
monthly Petron payment,Transport
bus fare at Angkas,Transport
paid Seaoil commute,Transport
paid Angkas commute,Transport
paid Seaoil diesel,Transport
monthly Shell payment,Transport
monthly Caltex payment,Transport
toll fee at Caltex,Transport
Shell expense,Transport
paid Shell diesel,Transport
Shell,Transport
Petron parking fee,Transport
commute,Transport
motorcycle ride,Transport
Lalamove today,Transport
Move It fuel refill,Transport
Caltex today,Transport
grab ride at Move It,Transport
toll fee at Grab,Transport
monthly Phoenix payment,Transport
monthly Lalamove payment,Transport
Caltex diesel,Transport
JoyRide expense,Transport
monthly Grab payment,Transport
bus fare,Transport
bought parking fee from Caltex,Transport
Phoenix today,Transport
paid Move It diesel,Transport
parking fee in davao,Transport
parking fee,Transport
Shell today,Transport
Move It today,Transport
Grab,Transport
Lalamove today,Transport
Angkas fuel refill,Transport
grab ride in davao,Transport
monthly Lalamove payment,Transport
Petron gasoline,Transport
Phoenix expense,Transport
monthly JoyRide payment,Transport
monthly Petron payment,Transport
paid Angkas motorcycle ride,Transport
Petron grab ride,Transport
Shell pamasahe,Transport
Shell expense,Transport
bought commute from Angkas,Transport
Angkas,Transport
fuel refill at Caltex,Transport
monthly Grab payment,Transport
bought commute from Petron,Transport
JoyRide fuel refill,Transport
gasoline,Transport
bought gasoline from Petron,Transport
Seaoil parking fee,Transport
Caltex expense,Transport
Phoenix,Transport
Shell today,Transport
monthly Lalamove payment,Transport
parking fee at Shell,Transport
Grab today,Transport
pamasahe,Transport
monthly Petron payment,Transport
Petron expense,Transport
monthly Caltex payment,Transport
monthly Phoenix payment,Transport
Grab today,Transport
bought pamasahe from Move It,Transport
grab ride in davao,Transport
monthly Seaoil payment,Transport
parking fee in davao,Transport
bought toll fee from Move It,Transport
Phoenix,Transport
Shell parking fee,Transport
parking fee in davao,Transport
grab ride in davao,Transport
bought grab ride from Move It,Transport
commute,Transport
bus fare in davao,Transport
paid Shell diesel,Transport
Petron gasoline,Transport
Petron parking fee,Transport
bought gasoline from Angkas,Transport
Phoenix expense,Transport
bought fuel refill from Caltex,Transport
diesel at Phoenix,Transport
Move It diesel,Transport
bus fare,Transport
paid Lalamove parking fee,Transport
Petron,Transport
paid Caltex bus fare,Transport
paid Shell diesel,Transport
paid JoyRide bus fare,Transport
monthly Seaoil payment,Transport
Caltex motorcycle ride,Transport
grab ride in davao,Transport
monthly Caltex payment,Transport
diesel,Transport
pamasahe at Seaoil,Transport
Move It,Transport
fuel refill at Shell,Transport
gasoline in davao,Transport
Angkas toll fee,Transport
parking fee in davao,Transport
Phoenix fuel refill,Transport
paid Caltex motorcycle ride,Transport
paid Grab commute,Transport
gasoline in davao,Transport
bought gasoline from JoyRide,Transport
Petron expense,Transport
monthly Seaoil payment,Transport
fuel refill at Phoenix,Transport
JoyRide,Transport
Angkas today,Transport
Caltex expense,Transport
bus fare,Transport
monthly Move It payment,Transport
Lalamove,Transport
pamasahe at Phoenix,Transport
Move It expense,Transport
paid JoyRide fuel refill,Transport
JoyRide today,Transport
Petron today,Transport
gasoline in davao,Transport
monthly Caltex payment,Transport
Move It,Transport
bought bus fare from Grab,Transport
monthly Shell payment,Transport
Phoenix today,Transport
Shell motorcycle ride,Transport
Grab parking fee,Transport
pamasahe in davao,Transport
Grab expense,Transport
Move It,Transport
pamasahe,Transport
Grab,Transport
Petron expense,Transport
Move It,Transport
Move It,Transport
Shell today,Transport
Phoenix today,Transport
Petron expense,Transport
Petron expense,Transport
Shell toll fee,Transport
fuel refill at Caltex,Transport
monthly Caltex payment,Transport
Petron expense,Transport
Move It today,Transport
monthly Caltex payment,Transport
bus fare in davao,Transport
paid Grab grab ride,Transport
diesel at Seaoil,Transport
bought bus fare from Grab,Transport
diesel at Lalamove,Transport
monthly Grab payment,Transport
paid Seaoil parking fee,Transport
Shell,Transport
Move It grab ride,Transport
bought fuel refill from Shell,Transport
Caltex fuel refill,Transport
monthly Grab payment,Transport
bought parking fee from Lalamove,Transport
Angkas today,Transport
gasoline,Transport
monthly Phoenix payment,Transport
monthly Caltex payment,Transport
bought fuel refill from Grab,Transport
Grab motorcycle ride,Transport
Move It today,Transport
monthly Angkas payment,Transport
bus fare at Shell,Transport
paid Shell toll fee,Transport
Phoenix expense,Transport
Lalamove bus fare,Transport
bought fuel refill from Move It,Transport
monthly Angkas payment,Transport
monthly Seaoil payment,Transport
monthly Angkas payment,Transport
fuel refill at Petron,Transport
paid Phoenix parking fee,Transport
Caltex today,Transport
Shell today,Transport
Petron expense,Transport
Grab,Transport
Move It toll fee,Transport
JoyRide bus fare,Transport
pamasahe in davao,Transport
commute,Transport
grab ride at Angkas,Transport
Move It expense,Transport
grab ride,Transport
Angkas expense,Transport
pamasahe in davao,Transport
Petron today,Transport
paid Lalamove parking fee,Transport
motorcycle ride in davao,Transport
bought grab ride from Seaoil,Transport
Caltex expense,Transport
bought gasoline from Shell,Transport
monthly Phoenix payment,Transport
bought pamasahe from Caltex,Transport
paid Grab motorcycle ride,Transport
Lalamove parking fee,Transport
Petron,Transport
monthly JoyRide payment,Transport
bought grab ride from Phoenix,Transport
Shell,Transport
motorcycle ride,Transport
Seaoil,Transport
parking fee,Transport
Phoenix expense,Transport
bought diesel from Phoenix,Transport
Grab today,Transport
gasoline,Transport
JoyRide expense,Transport
Lalamove,Transport
gasoline,Transport
Shell today,Transport
diesel,Transport
monthly Grab payment,Transport
Angkas today,Transport
motorcycle ride at Caltex,Transport
parking fee at JoyRide,Transport
Shell gasoline,Transport
gasoline,Transport
commute,Transport
pamasahe,Transport
motorcycle ride in davao,Transport
diesel,Transport
diesel in davao,Transport
monthly Phoenix payment,Transport
Lalamove expense,Transport
Petron today,Transport
grab ride in davao,Transport
motorcycle ride at Lalamove,Transport
Phoenix today,Transport
paid JoyRide fuel refill,Transport
grab ride,Transport
Caltex today,Transport
bought bus fare from Petron,Transport
Caltex,Transport
monthly Shell payment,Transport
monthly JoyRide payment,Transport
paid Grab toll fee,Transport
Shell,Transport
toll fee in davao,Transport
toll fee,Transport
paid Seaoil grab ride,Transport
monthly Grab payment,Transport
bought commute from Grab,Transport
Caltex gasoline,Transport
Shell parking fee,Transport
Grab,Transport
parking fee in davao,Transport
bought gasoline from JoyRide,Transport
monthly Phoenix payment,Transport
Angkas today,Transport
bought fuel refill from Phoenix,Transport
Seaoil expense,Transport
commute in davao,Transport
monthly Move It payment,Transport
bus fare in davao,Transport
gasoline in davao,Transport
grab ride,Transport
Angkas today,Transport
Lalamove today,Transport
toll fee,Transport
Grab expense,Transport
motorcycle ride in davao,Transport
bus fare,Transport
JoyRide diesel,Transport
bought fuel refill from Shell,Transport
gasoline in davao,Transport
Petron,Transport
JoyRide diesel,Transport
monthly Angkas payment,Transport
fuel refill,Transport
bought fuel refill from Shell,Transport
monthly Petron payment,Transport
Phoenix expense,Transport
Angkas,Transport
bus fare at Lalamove,Transport
Angkas,Transport
motorcycle ride,Transport
monthly Shell payment,Transport
parking fee,Transport
Angkas today,Transport
pamasahe at Grab,Transport
Caltex today,Transport
bought grab ride from Phoenix,Transport
Move It today,Transport
Angkas pamasahe,Transport
Angkas,Transport
Phoenix expense,Transport
Caltex,Transport
monthly Move It payment,Transport
bought parking fee from Angkas,Transport
paid Move It fuel refill,Transport
Petron gasoline,Transport
fuel refill in davao,Transport
bought pamasahe from Grab,Transport
Move It expense,Transport
paid Move It grab ride,Transport
Grab expense,Transport
JoyRide expense,Transport
Caltex,Transport
Caltex expense,Transport
Petron,Transport
Caltex expense,Transport
Angkas bus fare,Transport
toll fee,Transport
paid Grab gasoline,Transport
paid Angkas parking fee,Transport
Move It expense,Transport
Move It,Transport
monthly Caltex payment,Transport
bought grab ride from Seaoil,Transport
toll fee,Transport
Petron today,Transport
Phoenix,Transport
JoyRide today,Transport
Move It commute,Transport
monthly Shell payment,Transport
Move It grab ride,Transport
Phoenix expense,Transport
Angkas gasoline,Transport
Move It expense,Transport
paid Seaoil commute,Transport
fuel refill at Angkas,Transport
paid Angkas motorcycle ride,Transport
motorcycle ride at Seaoil,Transport
bought grab ride from JoyRide,Transport
Grab commute,Transport
Lalamove expense,Transport
monthly JoyRide payment,Transport
toll fee at Move It,Transport
bought toll fee from Petron,Transport
paid Petron toll fee,Transport
monthly Move It payment,Transport
paid Grab toll fee,Transport
parking fee in davao,Transport
bought grab ride from Caltex,Transport
Angkas expense,Transport
Move It expense,Transport
Petron,Transport
Petron,Transport
Move It,Transport
grab ride at Lalamove,Transport
Move It expense,Transport
Angkas today,Transport
diesel,Transport
pamasahe in davao,Transport
Grab motorcycle ride,Transport
Grab today,Transport
monthly Petron payment,Transport
commute at Lalamove,Transport
bought toll fee from Lalamove,Transport
grab ride,Transport
Shell expense,Transport
fuel refill in davao,Transport
grab ride,Transport
Angkas,Transport
bought parking fee from JoyRide,Transport
Caltex,Transport
monthly JoyRide payment,Transport
bought toll fee from Caltex,Transport
gasoline at Lalamove,Transport
paid Move It pamasahe,Transport
grab ride,Transport
Caltex today,Transport
pamasahe in davao,Transport
bought gasoline from Caltex,Transport
commute,Transport
motorcycle ride in davao,Transport
Move It,Transport
Lalamove,Transport
paid JoyRide pamasahe,Transport
Phoenix today,Transport
monthly Angkas payment,Transport
diesel,Transport
paid Seaoil gasoline,Transport
commute in davao,Transport
pamasahe,Transport
gasoline in davao,Transport
Shell expense,Transport
Move It today,Transport
pamasahe in davao,Transport
Seaoil today,Transport
paid Angkas gasoline,Transport
Caltex toll fee,Transport
diesel at Caltex,Transport
Grab motorcycle ride,Transport
monthly Move It payment,Transport
fuel refill in davao,Transport
Lalamove,Transport
paid Grab motorcycle ride,Transport
Phoenix expense,Transport
paid Grab grab ride,Transport
paid Angkas pamasahe,Transport
Petron bus fare,Transport
Phoenix expense,Transport
Shell fuel refill,Transport
paid Grab bus fare,Transport
bought fuel refill from Angkas,Transport
Angkas expense,Transport
paid Phoenix motorcycle ride,Transport
bought grab ride from Phoenix,Transport
bus fare at JoyRide,Transport
JoyRide today,Transport
Caltex pamasahe,Transport
Seaoil,Transport
monthly Shell payment,Transport
Caltex today,Transport
monthly Petron payment,Transport
fuel refill at Shell,Transport
toll fee in davao,Transport
monthly Caltex payment,Transport
Grab expense,Transport
Grab,Transport
paid Seaoil commute,Transport
Caltex fuel refill,Transport
Shell commute,Transport
Caltex today,Transport
motorcycle ride at Angkas,Transport
Lalamove today,Transport
fuel refill in davao,Transport
JoyRide toll fee,Transport
Shell today,Transport
Seaoil,Transport
Lalamove toll fee,Transport
Seaoil expense,Transport
Angkas commute,Transport
Petron,Transport
motorcycle ride in davao,Transport
paid Shell grab ride,Transport
monthly Grab payment,Transport
bought toll fee from Angkas,Transport
bought diesel from Grab,Transport
paid Shell toll fee,Transport
motorcycle ride at Seaoil,Transport
Angkas bus fare,Transport
grab ride in davao,Transport
toll fee at Grab,Transport
parking fee,Transport
toll fee,Transport
diesel,Transport
JoyRide today,Transport
Caltex today,Transport
monthly Caltex payment,Transport
Seaoil gasoline,Transport
grab ride in davao,Transport
Phoenix today,Transport
Phoenix,Transport
Petron expense,Transport
Seaoil today,Transport
gasoline in davao,Transport
monthly Lalamove payment,Transport
grab ride,Transport
paid Caltex diesel,Transport
paid Shell pamasahe,Transport
Move It expense,Transport
fuel refill,Transport
JoyRide grab ride,Transport
Move It today,Transport
paid Shell commute,Transport
gasoline,Transport
Angkas today,Transport
bought grab ride from Grab,Transport
commute,Transport
JoyRide expense,Transport
bought grab ride from Angkas,Transport
bought toll fee from Seaoil,Transport
Grab motorcycle ride,Transport
Petron today,Transport
monthly JoyRide payment,Transport
monthly Caltex payment,Transport
monthly JoyRide payment,Transport
Caltex today,Transport
Move It expense,Transport
Lalamove today,Transport
commute,Transport
parking fee,Transport
Angkas,Transport
monthly Move It payment,Transport
Shell diesel,Transport
fuel refill at Seaoil,Transport
toll fee in davao,Transport
monthly Phoenix payment,Transport
monthly Caltex payment,Transport
Angkas,Transport
Phoenix toll fee,Transport
diesel at Caltex,Transport
Caltex expense,Transport
Seaoil today,Transport
Petron today,Transport
bought fuel refill from Caltex,Transport
Phoenix,Transport
bus fare in davao,Transport
gasoline at Petron,Transport
Petron expense,Transport
JoyRide parking fee,Transport
Phoenix motorcycle ride,Transport
Angkas expense,Transport
bought parking fee from Lalamove,Transport
paid Shell grab ride,Transport
gasoline,Transport
bought pamasahe from Lalamove,Transport
motorcycle ride in davao,Transport
Shell expense,Transport
Phoenix today,Transport
Shell today,Transport
Phoenix today,Transport
Lalamove today,Transport
Caltex expense,Transport
Move It today,Transport
Seaoil today,Transport
monthly Lalamove payment,Transport
monthly Grab payment,Transport
toll fee in davao,Transport
JoyRide gasoline,Transport
bought bus fare from JoyRide,Transport
bought bus fare from Move It,Transport
motorcycle ride,Transport
fuel refill,Transport
bought gasoline from Phoenix,Transport
paid JoyRide bus fare,Transport
paid Phoenix motorcycle ride,Transport
grab ride in davao,Transport
diesel,Transport
monthly JoyRide payment,Transport
Caltex pamasahe,Transport
Caltex today,Transport
JoyRide expense,Transport
Lalamove expense,Transport
paid Lalamove diesel,Transport
monthly Phoenix payment,Transport
gasoline,Transport
Move It today,Transport
Caltex expense,Transport
paid Grab toll fee,Transport
JoyRide,Transport
commute at Petron,Transport
fuel refill in davao,Transport
paid Move It diesel,Transport
bought parking fee from Lalamove,Transport
bought parking fee from Grab,Transport
Phoenix today,Transport
pamasahe,Transport
toll fee,Transport
commute,Transport
Angkas,Transport
monthly Move It payment,Transport
Lalamove expense,Transport
Shell expense,Transport
paid Seaoil fuel refill,Transport
diesel in davao,Transport
paid Angkas grab ride,Transport
motorcycle ride at Shell,Transport
paid JoyRide grab ride,Transport
paid Phoenix toll fee,Transport
monthly Seaoil payment,Transport
bus fare,Transport
monthly Move It payment,Transport
parking fee at Shell,Transport
Angkas expense,Transport
monthly Phoenix payment,Transport
grab ride at Lalamove,Transport
fuel refill,Transport
Move It,Transport
Grab expense,Transport
bought grab ride from Grab,Transport
paid Caltex gasoline,Transport
Shell today,Transport
paid Grab toll fee,Transport
monthly Phoenix payment,Transport
pamasahe,Transport
bought grab ride from Move It,Transport
paid JoyRide motorcycle ride,Transport
motorcycle ride in davao,Transport
commute in davao,Transport
bought fuel refill from Grab,Transport
paid Lalamove bus fare,Transport
Angkas commute,Transport
Phoenix,Transport
monthly Petron payment,Transport
bought commute from Petron,Transport
bought gasoline from Shell,Transport
monthly Grab payment,Transport
Grab today,Transport
Lalamove expense,Transport
monthly Seaoil payment,Transport
Caltex diesel,Transport
grab ride,Transport
Shell today,Transport
bought diesel from Move It,Transport
Phoenix,Transport
Seaoil today,Transport
Lalamove today,Transport
paid Grab grab ride,Transport
paid Seaoil fuel refill,Transport
Move It,Transport
JoyRide expense,Transport
Move It,Transport
motorcycle ride,Transport
parking fee,Transport
toll fee at Seaoil,Transport
grab ride at Shell,Transport
gasoline at Grab,Transport
monthly Lalamove payment,Transport
JoyRide expense,Transport
motorcycle ride at Grab,Transport
bought commute from Move It,Transport
Grab toll fee,Transport
Shell today,Transport
Shell,Transport
Shell expense,Transport
pamasahe,Transport
Move It,Transport
Lalamove today,Transport
pamasahe at Seaoil,Transport
paid Petron toll fee,Transport
monthly Grab payment,Transport
bus fare at Angkas,Transport
Petron gasoline,Transport
Shell today,Transport
paid Grab gasoline,Transport
monthly Angkas payment,Transport
parking fee at Petron,Transport
motorcycle ride at Caltex,Transport
monthly Angkas payment,Transport
commute at JoyRide,Transport
gasoline,Transport
diesel at Shell,Transport
toll fee in davao,Transport
Caltex expense,Transport
Move It,Transport
Grab pamasahe,Transport
paid Caltex gasoline,Transport
monthly Petron payment,Transport
Phoenix today,Transport
Grab expense,Transport
bought commute from Grab,Transport
Grab motorcycle ride,Transport
Caltex today,Transport
Lalamove today,Transport
commute in davao,Transport
bought fuel refill from Grab,Transport
paid Caltex bus fare,Transport
JoyRide expense,Transport
paid Seaoil commute,Transport
monthly Shell payment,Transport
Lalamove today,Transport
motorcycle ride,Transport
fuel refill,Transport
monthly JoyRide payment,Transport
bought bus fare from Grab,Transport
JoyRide expense,Transport
toll fee at Move It,Transport
paid Phoenix grab ride,Transport
gasoline,Transport
paid Seaoil diesel,Transport
bus fare at Move It,Transport
Seaoil grab ride,Transport
Lalamove,Transport
gasoline,Transport
bought diesel from Petron,Transport
bought toll fee from Phoenix,Transport
monthly Grab payment,Transport
pamasahe at JoyRide,Transport
monthly Grab payment,Transport
Angkas,Transport
JoyRide motorcycle ride,Transport
Angkas gasoline,Transport
Phoenix diesel,Transport
parking fee at Move It,Transport
Caltex expense,Transport
Lalamove today,Transport
Shell today,Transport
gasoline in davao,Transport
monthly Seaoil payment,Transport
Shell,Transport
Seaoil expense,Transport
Lalamove,Transport
Grab today,Transport
Caltex expense,Transport
Seaoil,Transport
bought bus fare from Shell,Transport
JoyRide expense,Transport
Petron today,Transport
Grab fuel refill,Transport
Angkas expense,Transport
bus fare at Shell,Transport
grab ride,Transport
toll fee in davao,Transport
Lalamove expense,Transport
Petron commute,Transport
Shell bus fare,Transport
Lalamove today,Transport
gasoline at Seaoil,Transport
paid JoyRide diesel,Transport
JoyRide gasoline,Transport
Caltex today,Transport
diesel,Transport
paid Shell bus fare,Transport
Grab expense,Transport
Grab today,Transport
Seaoil today,Transport
fuel refill,Transport
parking fee at Angkas,Transport
Grab,Transport
Seaoil,Transport
bus fare,Transport
paid JoyRide toll fee,Transport
bought diesel from Lalamove,Transport
paid Move It grab ride,Transport
Phoenix today,Transport
bought fuel refill from Grab,Transport
Shell,Transport
grab ride,Transport
Seaoil,Transport
bought parking fee from Angkas,Transport
bought toll fee from Caltex,Transport
monthly Angkas payment,Transport
monthly Grab payment,Transport
monthly Phoenix payment,Transport
toll fee at Seaoil,Transport
bought bus fare from Petron,Transport
gasoline at Phoenix,Transport
Move It today,Transport
Phoenix parking fee,Transport
Caltex,Transport
paid Petron toll fee,Transport
Move It,Transport
fuel refill at Angkas,Transport
toll fee,Transport
grab ride,Transport
paid Shell pamasahe,Transport
paid Petron motorcycle ride,Transport
Move It,Transport
Phoenix today,Transport
bought parking fee from Petron,Transport
motorcycle ride at Seaoil,Transport
monthly Seaoil payment,Transport
commute,Transport
Lalamove today,Transport
motorcycle ride,Transport
Petron today,Transport
Caltex,Transport
Grab parking fee,Transport
pamasahe at Petron,Transport
motorcycle ride in davao,Transport
Grab expense,Transport
Phoenix,Transport
fuel refill,Transport
Phoenix toll fee,Transport
bought commute from Petron,Transport
bought pamasahe from Lalamove,Transport
Lalamove today,Transport
Petron fuel refill,Transport
pamasahe,Transport
motorcycle ride,Transport
bought toll fee from Move It,Transport
bought grab ride from Seaoil,Transport
JoyRide expense,Transport
diesel,Transport
grab ride at Move It,Transport
bought diesel from Move It,Transport
Phoenix grab ride,Transport
Caltex fuel refill,Transport
paid JoyRide fuel refill,Transport
bought commute from Petron,Transport
Move It expense,Transport
Petron,Transport
motorcycle ride in davao,Transport
Phoenix expense,Transport
Angkas pamasahe,Transport
commute at Move It,Transport
monthly Petron payment,Transport
JoyRide bus fare,Transport
grab ride in davao,Transport
Petron expense,Transport
Shell toll fee,Transport
fuel refill,Transport
bought gasoline from Petron,Transport
motorcycle ride in davao,Transport
Move It grab ride,Transport
paid Petron motorcycle ride,Transport
commute in davao,Transport
monthly Grab payment,Transport
Seaoil,Transport
paid JoyRide pamasahe,Transport
Caltex,Transport
JoyRide today,Transport
Caltex expense,Transport
motorcycle ride,Transport
bought gasoline from JoyRide,Transport
gasoline in davao,Transport
Move It today,Transport
commute,Transport
commute at Phoenix,Transport
pamasahe,Transport
Shell grab ride,Transport
Petron expense,Transport
Caltex diesel,Transport
grab ride at Phoenix,Transport
Move It today,Transport
paid Phoenix commute,Transport
paid Grab parking fee,Transport
bought gasoline from Seaoil,Transport
motorcycle ride in davao,Transport
Shell,Transport
toll fee at Move It,Transport
Petron today,Transport
pamasahe,Transport
grab ride,Transport
monthly JoyRide payment,Transport
monthly Caltex payment,Transport
monthly Move It payment,Transport
Caltex gasoline,Transport
parking fee in davao,Transport
commute in davao,Transport
motorcycle ride,Transport
Seaoil parking fee,Transport
Seaoil expense,Transport
paid Phoenix motorcycle ride,Transport
Move It gasoline,Transport
Shell expense,Transport
Phoenix expense,Transport
monthly Shell payment,Transport
JoyRide today,Transport
Phoenix today,Transport
Grab,Transport
Petron today,Transport
Angkas today,Transport
gasoline in davao,Transport
JoyRide,Transport
fuel refill,Transport
Angkas,Transport
gasoline,Transport
bought parking fee from Shell,Transport
Seaoil expense,Transport
Shell expense,Transport
gasoline,Transport
monthly Grab payment,Transport
Shell expense,Transport
parking fee,Transport
Grab expense,Transport
Angkas,Transport
Move It today,Transport
pamasahe at Seaoil,Transport
bus fare at Grab,Transport
fuel refill at Caltex,Transport
toll fee at Petron,Transport
Petron commute,Transport
monthly Caltex payment,Transport
Seaoil,Transport
monthly Caltex payment,Transport
Lalamove expense,Transport
grab ride at Grab,Transport
paid Lalamove diesel,Transport
Phoenix expense,Transport
monthly Seaoil payment,Transport
parking fee in davao,Transport
monthly Phoenix payment,Transport
grab ride,Transport
bought fuel refill from Caltex,Transport
Caltex grab ride,Transport
Angkas today,Transport
Angkas expense,Transport
bus fare at Seaoil,Transport
Caltex parking fee,Transport
gasoline in davao,Transport
monthly Lalamove payment,Transport
bought parking fee from Phoenix,Transport
gasoline at Grab,Transport
diesel in davao,Transport
Grab commute,Transport
Move It today,Transport
commute at Caltex,Transport
JoyRide bus fare,Transport
paid Seaoil bus fare,Transport
pamasahe at JoyRide,Transport
JoyRide,Transport
gasoline at Petron,Transport
Caltex pamasahe,Transport
grab ride,Transport
Caltex,Transport
Caltex expense,Transport
Move It today,Transport
toll fee in davao,Transport
bought commute from Caltex,Transport
diesel,Transport
Lalamove,Transport
paid Move It motorcycle ride,Transport
bus fare,Transport
paid Move It commute,Transport
Caltex today,Transport
Phoenix expense,Transport
Lalamove expense,Transport
bought pamasahe from Petron,Transport
bus fare,Transport
grab ride at JoyRide,Transport
paid Move It toll fee,Transport
Phoenix,Transport
bought bus fare from Lalamove,Transport
Caltex bus fare,Transport
bought motorcycle ride from Grab,Transport
bus fare in davao,Transport
monthly Caltex payment,Transport
Phoenix,Transport
paid Grab pamasahe,Transport
diesel at Angkas,Transport
toll fee at Caltex,Transport
Petron commute,Transport
Angkas expense,Transport
bus fare in davao,Transport
Caltex today,Transport
motorcycle ride at Phoenix,Transport
bought toll fee from Seaoil,Transport
Phoenix today,Transport
Seaoil,Transport
toll fee,Transport
Move It motorcycle ride,Transport
bought motorcycle ride from Petron,Transport
monthly Seaoil payment,Transport
JoyRide today,Transport
JoyRide today,Transport
Grab,Transport
JoyRide motorcycle ride,Transport
fuel refill in davao,Transport
fuel refill at Phoenix,Transport
monthly JoyRide payment,Transport
Seaoil diesel,Transport
motorcycle ride in davao,Transport
bought motorcycle ride from Grab,Transport
Angkas motorcycle ride,Transport
paid Petron parking fee,Transport
Phoenix,Transport
paid Angkas grab ride,Transport
bought bus fare from Lalamove,Transport
paid Caltex parking fee,Transport
parking fee at Angkas,Transport
toll fee in davao,Transport
Caltex today,Transport
bought motorcycle ride from Angkas,Transport
monthly Shell payment,Transport
Lalamove,Transport
bus fare,Transport
JoyRide expense,Transport
bought motorcycle ride from Shell,Transport
Move It pamasahe,Transport
Grab today,Transport
JoyRide expense,Transport
parking fee,Transport
Seaoil,Transport
JoyRide,Transport
bought bus fare from Move It,Transport
bus fare,Transport
bought bus fare from Lalamove,Transport
Shell,Transport
Phoenix expense,Transport
Petron today,Transport
bought gasoline from Lalamove,Transport
Angkas expense,Transport
Caltex gasoline,Transport
mobile load in davao,Utilities
water bill at PLDT,Utilities
water bill in davao,Utilities
Canva wifi,Utilities
Meralco,Utilities
bought internet bill from Converge,Utilities
Davao Light electricity bill,Utilities
electricity bill at Canva,Utilities
water bill at Smart,Utilities
Globe today,Utilities
electricity bill,Utilities
Spotify,Utilities
Canva today,Utilities
electricity bill at Davao Light,Utilities
monthly Spotify payment,Utilities
electricity bill,Utilities
kuryente in davao,Utilities
Netflix today,Utilities
Netflix,Utilities
fiber plan at Netflix,Utilities
subscription in davao,Utilities
paid PLDT fiber plan,Utilities
PLDT expense,Utilities
monthly Globe payment,Utilities
bought electricity bill from Meralco,Utilities
monthly Canva payment,Utilities
paid Davao Light water bill,Utilities
subscription in davao,Utilities
subscription in davao,Utilities
bought kuryente from Meralco,Utilities
wifi,Utilities
Converge expense,Utilities
Netflix today,Utilities
wifi in davao,Utilities
Canva today,Utilities
water bill in davao,Utilities
wifi in davao,Utilities
electricity bill in davao,Utilities
Converge expense,Utilities
electricity bill in davao,Utilities
Globe expense,Utilities
electricity bill,Utilities
paid Davao Light subscription,Utilities
subscription in davao,Utilities
kuryente at Globe,Utilities
bought water bill from Converge,Utilities
bought kuryente from Smart,Utilities
Netflix today,Utilities
mobile load at Spotify,Utilities
Smart today,Utilities
Davao Light electricity bill,Utilities
Smart mobile load,Utilities
monthly Converge payment,Utilities
Davao Light today,Utilities
wifi in davao,Utilities
wifi in davao,Utilities
Davao Light today,Utilities
bought electricity bill from Meralco,Utilities
bought mobile load from Davao Light,Utilities
bought kuryente from PLDT,Utilities
Converge expense,Utilities
mobile load at Smart,Utilities
mobile load,Utilities
kuryente,Utilities
Globe today,Utilities
Davao Light expense,Utilities
Netflix,Utilities
Spotify expense,Utilities
Globe,Utilities
bought fiber plan from Netflix,Utilities
bought internet bill from Converge,Utilities
monthly Davao Light payment,Utilities
monthly Spotify payment,Utilities
electricity bill,Utilities
Meralco expense,Utilities
paid Globe mobile load,Utilities
paid Converge wifi,Utilities
fiber plan in davao,Utilities
Meralco,Utilities
monthly Meralco payment,Utilities
bought subscription from Converge,Utilities
Davao Light kuryente,Utilities
bought internet bill from Netflix,Utilities
water bill in davao,Utilities
bought kuryente from PLDT,Utilities
kuryente in davao,Utilities
Converge internet bill,Utilities
mobile load,Utilities
mobile load at Converge,Utilities
paid Netflix mobile load,Utilities
Smart electricity bill,Utilities
wifi in davao,Utilities
electricity bill in davao,Utilities
monthly Smart payment,Utilities
paid Canva wifi,Utilities
wifi at Smart,Utilities
paid Spotify wifi,Utilities
kuryente in davao,Utilities
electricity bill at Smart,Utilities
monthly Converge payment,Utilities
Davao Light,Utilities
Spotify internet bill,Utilities
bought internet bill from PLDT,Utilities
kuryente at Davao Light,Utilities
Davao Light,Utilities
Globe,Utilities
bought internet bill from Davao Light,Utilities
paid Converge water bill,Utilities
wifi,Utilities
Davao Light expense,Utilities
paid Spotify subscription,Utilities
internet bill,Utilities
water bill,Utilities
kuryente,Utilities
monthly Meralco payment,Utilities
paid Converge subscription,Utilities
paid Netflix fiber plan,Utilities
water bill,Utilities
Converge expense,Utilities
PLDT today,Utilities
bought mobile load from Meralco,Utilities
Converge expense,Utilities
Spotify fiber plan,Utilities
internet bill in davao,Utilities
monthly Netflix payment,Utilities
Spotify today,Utilities
bought wifi from Meralco,Utilities
bought water bill from Globe,Utilities
monthly Davao Light payment,Utilities
paid Davao Light subscription,Utilities
mobile load,Utilities
internet bill in davao,Utilities
water bill in davao,Utilities
kuryente in davao,Utilities
Meralco today,Utilities
PLDT today,Utilities
paid Smart water bill,Utilities
bought electricity bill from Meralco,Utilities
Converge,Utilities
bought mobile load from Globe,Utilities
Converge kuryente,Utilities
Converge mobile load,Utilities
Meralco expense,Utilities
Spotify today,Utilities
paid PLDT electricity bill,Utilities
Globe expense,Utilities
electricity bill in davao,Utilities
monthly Meralco payment,Utilities
electricity bill at Spotify,Utilities
kuryente at Globe,Utilities
paid Davao Light internet bill,Utilities
PLDT expense,Utilities
Smart expense,Utilities
wifi,Utilities
paid Canva wifi,Utilities
Meralco today,Utilities
bought wifi from Canva,Utilities
Globe expense,Utilities
Canva expense,Utilities
Meralco expense,Utilities
bought internet bill from Smart,Utilities
Globe today,Utilities
paid Davao Light wifi,Utilities
subscription in davao,Utilities
monthly Spotify payment,Utilities
monthly Davao Light payment,Utilities
Spotify expense,Utilities
internet bill,Utilities
Davao Light today,Utilities
Spotify today,Utilities
fiber plan at Canva,Utilities
mobile load,Utilities
Spotify,Utilities
Globe,Utilities
wifi,Utilities
internet bill at Globe,Utilities
bought water bill from Smart,Utilities
bought kuryente from PLDT,Utilities
Meralco electricity bill,Utilities
monthly Meralco payment,Utilities
mobile load in davao,Utilities
internet bill at Smart,Utilities
electricity bill,Utilities
Canva,Utilities
bought kuryente from Meralco,Utilities
internet bill,Utilities
wifi at Davao Light,Utilities
Canva expense,Utilities
Davao Light mobile load,Utilities
monthly PLDT payment,Utilities
paid Meralco fiber plan,Utilities
bought kuryente from Davao Light,Utilities
subscription in davao,Utilities
kuryente in davao,Utilities
Davao Light today,Utilities
paid Globe water bill,Utilities
Smart,Utilities
Canva water bill,Utilities
monthly Globe payment,Utilities
Davao Light today,Utilities
PLDT,Utilities
PLDT mobile load,Utilities
Smart expense,Utilities
bought electricity bill from Netflix,Utilities
Converge expense,Utilities
Davao Light,Utilities
monthly Spotify payment,Utilities
Converge,Utilities
Meralco expense,Utilities
Globe water bill,Utilities
Smart expense,Utilities
subscription in davao,Utilities
paid Netflix internet bill,Utilities
bought wifi from PLDT,Utilities
wifi,Utilities
water bill,Utilities
Davao Light expense,Utilities
mobile load,Utilities
Meralco today,Utilities
mobile load,Utilities
monthly Netflix payment,Utilities
internet bill,Utilities
water bill at Globe,Utilities
Canva,Utilities
PLDT today,Utilities
bought mobile load from PLDT,Utilities
monthly Globe payment,Utilities
Spotify water bill,Utilities
PLDT,Utilities
monthly Globe payment,Utilities
Netflix subscription,Utilities
Spotify expense,Utilities
paid Davao Light fiber plan,Utilities
internet bill at Spotify,Utilities
monthly Smart payment,Utilities
subscription,Utilities
paid PLDT internet bill,Utilities
kuryente,Utilities
PLDT,Utilities
PLDT,Utilities
Netflix expense,Utilities
fiber plan at Converge,Utilities
Davao Light expense,Utilities
Netflix expense,Utilities
Converge,Utilities
bought internet bill from Globe,Utilities
mobile load in davao,Utilities
paid Smart fiber plan,Utilities
Canva,Utilities
bought internet bill from Globe,Utilities
bought electricity bill from Smart,Utilities
bought kuryente from Meralco,Utilities
paid Converge mobile load,Utilities
Converge expense,Utilities
bought subscription from Davao Light,Utilities
mobile load at PLDT,Utilities
Globe today,Utilities
paid Meralco mobile load,Utilities
electricity bill,Utilities
bought subscription from Davao Light,Utilities
fiber plan in davao,Utilities
monthly Netflix payment,Utilities
monthly Spotify payment,Utilities
Davao Light fiber plan,Utilities
bought electricity bill from Meralco,Utilities
Canva today,Utilities
bought internet bill from Meralco,Utilities
internet bill,Utilities
bought electricity bill from Canva,Utilities
wifi in davao,Utilities
Globe expense,Utilities
bought kuryente from Smart,Utilities
paid PLDT subscription,Utilities
Converge expense,Utilities
mobile load in davao,Utilities
Smart today,Utilities
subscription in davao,Utilities
kuryente in davao,Utilities
PLDT today,Utilities
Converge electricity bill,Utilities
monthly Globe payment,Utilities
bought kuryente from Smart,Utilities
wifi,Utilities
bought subscription from Netflix,Utilities
bought fiber plan from Canva,Utilities
paid Smart wifi,Utilities
bought mobile load from Globe,Utilities
Netflix,Utilities
PLDT expense,Utilities
bought kuryente from PLDT,Utilities
fiber plan in davao,Utilities
Spotify electricity bill,Utilities
Canva kuryente,Utilities
bought mobile load from Converge,Utilities
paid Canva wifi,Utilities
Netflix,Utilities
monthly Converge payment,Utilities
Converge,Utilities
fiber plan,Utilities
monthly Spotify payment,Utilities
Globe subscription,Utilities
Spotify kuryente,Utilities
paid Davao Light electricity bill,Utilities
fiber plan,Utilities
Smart today,Utilities
Smart,Utilities
internet bill in davao,Utilities
wifi at Smart,Utilities
Netflix,Utilities
monthly Netflix payment,Utilities
bought internet bill from Canva,Utilities
internet bill in davao,Utilities
Netflix electricity bill,Utilities
Netflix today,Utilities
Spotify expense,Utilities
monthly Netflix payment,Utilities
kuryente in davao,Utilities
Converge wifi,Utilities
PLDT today,Utilities
fiber plan in davao,Utilities
bought kuryente from Converge,Utilities
Converge internet bill,Utilities
monthly Globe payment,Utilities
mobile load,Utilities
Spotify,Utilities
Canva mobile load,Utilities
Spotify,Utilities
Converge water bill,Utilities
bought water bill from Davao Light,Utilities
Spotify today,Utilities
bought subscription from Davao Light,Utilities
Globe,Utilities
electricity bill,Utilities
Meralco water bill,Utilities
Netflix expense,Utilities
kuryente in davao,Utilities
bought kuryente from Spotify,Utilities
Canva today,Utilities
water bill,Utilities
paid Smart internet bill,Utilities
monthly Canva payment,Utilities
paid Davao Light internet bill,Utilities
kuryente,Utilities
kuryente,Utilities
fiber plan at Meralco,Utilities
paid Davao Light subscription,Utilities
Globe subscription,Utilities
paid Canva internet bill,Utilities
kuryente,Utilities
monthly Smart payment,Utilities
paid Netflix internet bill,Utilities
internet bill at Smart,Utilities
paid Globe water bill,Utilities
mobile load in davao,Utilities
Netflix today,Utilities
Converge mobile load,Utilities
Meralco fiber plan,Utilities
monthly PLDT payment,Utilities
electricity bill at Spotify,Utilities
Davao Light expense,Utilities
paid Canva electricity bill,Utilities
Smart internet bill,Utilities
kuryente at Davao Light,Utilities
Meralco expense,Utilities
electricity bill at Canva,Utilities
bought water bill from Davao Light,Utilities
bought wifi from Spotify,Utilities
fiber plan at Smart,Utilities
paid Meralco electricity bill,Utilities
fiber plan,Utilities
Globe expense,Utilities
monthly Globe payment,Utilities
bought wifi from Davao Light,Utilities
paid Spotify water bill,Utilities
kuryente at Netflix,Utilities
paid Netflix mobile load,Utilities
Globe mobile load,Utilities
Converge wifi,Utilities
Davao Light,Utilities
Converge water bill,Utilities
monthly PLDT payment,Utilities
paid Spotify mobile load,Utilities
Canva internet bill,Utilities
Globe today,Utilities
monthly Globe payment,Utilities
water bill in davao,Utilities
mobile load in davao,Utilities
Globe kuryente,Utilities
mobile load in davao,Utilities
internet bill at Globe,Utilities
internet bill in davao,Utilities
electricity bill at Canva,Utilities
wifi in davao,Utilities
paid Meralco mobile load,Utilities
wifi at Globe,Utilities
monthly PLDT payment,Utilities
paid Smart mobile load,Utilities
monthly Davao Light payment,Utilities
water bill at Converge,Utilities
paid Globe mobile load,Utilities
wifi in davao,Utilities
bought mobile load from Canva,Utilities
Canva expense,Utilities
internet bill in davao,Utilities
Globe,Utilities
paid Converge kuryente,Utilities
Spotify kuryente,Utilities
bought wifi from Smart,Utilities
Converge electricity bill,Utilities
paid Canva fiber plan,Utilities
Canva,Utilities
Meralco expense,Utilities
paid Spotify mobile load,Utilities
Canva today,Utilities
wifi,Utilities
wifi in davao,Utilities
monthly Spotify payment,Utilities
subscription at Davao Light,Utilities
bought electricity bill from Smart,Utilities
kuryente in davao,Utilities
subscription at Canva,Utilities
paid Smart water bill,Utilities
fiber plan,Utilities
Meralco,Utilities
monthly PLDT payment,Utilities
monthly Converge payment,Utilities
paid Davao Light electricity bill,Utilities
monthly Spotify payment,Utilities
Meralco,Utilities
Converge today,Utilities
bought fiber plan from Canva,Utilities
monthly Smart payment,Utilities
fiber plan at Spotify,Utilities
electricity bill,Utilities
fiber plan,Utilities
subscription in davao,Utilities
Davao Light today,Utilities
Converge internet bill,Utilities
monthly Smart payment,Utilities
Davao Light expense,Utilities
Spotify mobile load,Utilities
wifi in davao,Utilities
kuryente at Canva,Utilities
Spotify today,Utilities
electricity bill in davao,Utilities
Converge expense,Utilities
electricity bill,Utilities
fiber plan at Spotify,Utilities
Davao Light,Utilities
bought electricity bill from Converge,Utilities
Converge,Utilities
bought water bill from Canva,Utilities
monthly Davao Light payment,Utilities
PLDT electricity bill,Utilities
monthly Canva payment,Utilities
wifi at Canva,Utilities
paid Converge mobile load,Utilities
water bill in davao,Utilities
bought electricity bill from Smart,Utilities
electricity bill at Globe,Utilities
Smart mobile load,Utilities
bought water bill from Spotify,Utilities
Smart today,Utilities
paid Smart mobile load,Utilities
water bill in davao,Utilities
monthly Netflix payment,Utilities
subscription in davao,Utilities
bought wifi from Canva,Utilities
bought fiber plan from Canva,Utilities
Spotify expense,Utilities
water bill at PLDT,Utilities
monthly Davao Light payment,Utilities
bought wifi from Davao Light,Utilities
Davao Light kuryente,Utilities
kuryente in davao,Utilities
Spotify expense,Utilities
Netflix,Utilities
Canva today,Utilities
monthly Converge payment,Utilities
paid Smart kuryente,Utilities
paid Spotify electricity bill,Utilities
monthly Canva payment,Utilities
Smart,Utilities
Davao Light expense,Utilities
paid Converge kuryente,Utilities
bought fiber plan from Globe,Utilities
wifi in davao,Utilities
Spotify expense,Utilities
bought mobile load from Spotify,Utilities
monthly Davao Light payment,Utilities
water bill at Meralco,Utilities
Meralco,Utilities
Canva internet bill,Utilities
Canva wifi,Utilities
bought subscription from Globe,Utilities
monthly Smart payment,Utilities
PLDT internet bill,Utilities
water bill in davao,Utilities
paid Meralco water bill,Utilities
internet bill,Utilities
Meralco subscription,Utilities
PLDT,Utilities
fiber plan at Canva,Utilities
Smart subscription,Utilities
bought wifi from Spotify,Utilities
monthly Canva payment,Utilities
bought water bill from Davao Light,Utilities
monthly Davao Light payment,Utilities
Davao Light today,Utilities
Smart expense,Utilities
Meralco expense,Utilities
Meralco,Utilities
Spotify expense,Utilities
bought subscription from Spotify,Utilities
Smart fiber plan,Utilities
paid Converge electricity bill,Utilities
Meralco expense,Utilities
paid Converge water bill,Utilities
Smart kuryente,Utilities
Smart,Utilities
monthly PLDT payment,Utilities
bought mobile load from Spotify,Utilities
PLDT expense,Utilities
kuryente at Converge,Utilities
paid Meralco fiber plan,Utilities
bought wifi from Converge,Utilities
internet bill,Utilities
mobile load,Utilities
water bill at Spotify,Utilities
Davao Light electricity bill,Utilities
Davao Light expense,Utilities
bought internet bill from Converge,Utilities
monthly Netflix payment,Utilities
Davao Light internet bill,Utilities
Meralco today,Utilities
Meralco expense,Utilities
internet bill at PLDT,Utilities
PLDT expense,Utilities
Converge,Utilities
PLDT today,Utilities
bought kuryente from Spotify,Utilities
Globe expense,Utilities
kuryente at Netflix,Utilities
Meralco today,Utilities
water bill in davao,Utilities
bought electricity bill from Globe,Utilities
Smart expense,Utilities
Converge,Utilities
bought kuryente from Davao Light,Utilities
Converge today,Utilities
paid Netflix mobile load,Utilities
subscription at Smart,Utilities
Spotify wifi,Utilities
monthly Davao Light payment,Utilities
Netflix,Utilities
Spotify today,Utilities
bought electricity bill from Smart,Utilities
Davao Light fiber plan,Utilities
monthly Netflix payment,Utilities
Smart,Utilities
fiber plan,Utilities
paid Spotify internet bill,Utilities
subscription,Utilities
fiber plan at Meralco,Utilities
Spotify today,Utilities
Netflix wifi,Utilities
Meralco wifi,Utilities
electricity bill at Converge,Utilities
Converge today,Utilities
internet bill at Spotify,Utilities
Canva,Utilities
paid Globe electricity bill,Utilities
kuryente,Utilities
mobile load in davao,Utilities
paid PLDT mobile load,Utilities
Netflix expense,Utilities
electricity bill at Davao Light,Utilities
Smart today,Utilities
internet bill at Canva,Utilities
paid Meralco electricity bill,Utilities
kuryente at Canva,Utilities
subscription in davao,Utilities
Meralco,Utilities
PLDT today,Utilities
water bill at Netflix,Utilities
Spotify today,Utilities
paid Globe fiber plan,Utilities
bought internet bill from Smart,Utilities
mobile load,Utilities
paid Canva wifi,Utilities
Canva expense,Utilities
paid Davao Light subscription,Utilities
PLDT expense,Utilities
monthly Converge payment,Utilities
Globe expense,Utilities
Smart electricity bill,Utilities
Globe internet bill,Utilities
Canva today,Utilities
paid Spotify electricity bill,Utilities
kuryente at Globe,Utilities
fiber plan,Utilities
Globe today,Utilities
paid Netflix internet bill,Utilities
Converge today,Utilities
bought mobile load from Davao Light,Utilities
kuryente at Davao Light,Utilities
kuryente at Canva,Utilities
monthly Davao Light payment,Utilities
bought wifi from Converge,Utilities
PLDT,Utilities
subscription at Canva,Utilities
wifi,Utilities
subscription at Globe,Utilities
Meralco mobile load,Utilities
paid Globe mobile load,Utilities
bought fiber plan from Netflix,Utilities
Meralco kuryente,Utilities
water bill in davao,Utilities
fiber plan in davao,Utilities
mobile load,Utilities
monthly Davao Light payment,Utilities
paid Spotify wifi,Utilities
monthly Converge payment,Utilities
bought kuryente from Netflix,Utilities
Netflix today,Utilities
Meralco,Utilities
monthly PLDT payment,Utilities
monthly Netflix payment,Utilities
Meralco expense,Utilities
Meralco expense,Utilities
Canva internet bill,Utilities
water bill,Utilities
Smart today,Utilities
Globe today,Utilities
Converge today,Utilities
subscription in davao,Utilities
kuryente,Utilities
Globe,Utilities
monthly Canva payment,Utilities
Smart expense,Utilities
fiber plan,Utilities
internet bill in davao,Utilities
wifi at Converge,Utilities
monthly Converge payment,Utilities
PLDT,Utilities
paid Smart fiber plan,Utilities
paid Smart electricity bill,Utilities
Smart expense,Utilities
monthly Spotify payment,Utilities
monthly PLDT payment,Utilities
monthly PLDT payment,Utilities
Netflix expense,Utilities
Davao Light,Utilities
PLDT today,Utilities
bought water bill from Spotify,Utilities
paid Spotify internet bill,Utilities
water bill,Utilities
water bill,Utilities
bought internet bill from Netflix,Utilities
paid Smart electricity bill,Utilities
Meralco fiber plan,Utilities
fiber plan in davao,Utilities
internet bill,Utilities
fiber plan in davao,Utilities
PLDT internet bill,Utilities
monthly PLDT payment,Utilities
internet bill in davao,Utilities
Spotify expense,Utilities
Davao Light fiber plan,Utilities
Converge today,Utilities
monthly Netflix payment,Utilities
kuryente in davao,Utilities
Smart kuryente,Utilities
paid Converge kuryente,Utilities
electricity bill in davao,Utilities
fiber plan,Utilities
Globe expense,Utilities
Davao Light,Utilities
Spotify today,Utilities
Globe expense,Utilities
monthly Converge payment,Utilities
monthly Smart payment,Utilities
wifi in davao,Utilities
electricity bill in davao,Utilities
fiber plan at Canva,Utilities
Spotify today,Utilities
kuryente in davao,Utilities
Netflix,Utilities
PLDT expense,Utilities
electricity bill,Utilities
bought fiber plan from Meralco,Utilities
bought electricity bill from Smart,Utilities
Netflix expense,Utilities
mobile load in davao,Utilities
Davao Light expense,Utilities
Meralco today,Utilities
wifi in davao,Utilities
fiber plan,Utilities
wifi,Utilities
Converge internet bill,Utilities
paid Meralco fiber plan,Utilities
subscription,Utilities
Converge expense,Utilities
Meralco today,Utilities
monthly Canva payment,Utilities
Converge today,Utilities
kuryente in davao,Utilities
Meralco today,Utilities
Globe wifi,Utilities
monthly Netflix payment,Utilities
Canva today,Utilities
paid Spotify subscription,Utilities
kuryente at Converge,Utilities
Netflix today,Utilities
Meralco today,Utilities
bought kuryente from Spotify,Utilities
PLDT wifi,Utilities
Smart fiber plan,Utilities
mobile load,Utilities
wifi in davao,Utilities
Davao Light,Utilities
bought electricity bill from Davao Light,Utilities
Globe fiber plan,Utilities
Globe today,Utilities
wifi in davao,Utilities
paid Meralco internet bill,Utilities
bought subscription from Converge,Utilities
monthly Davao Light payment,Utilities
subscription at Spotify,Utilities
fiber plan in davao,Utilities
mobile load in davao,Utilities
Netflix,Utilities
Smart,Utilities
Converge,Utilities
bought internet bill from Converge,Utilities
PLDT,Utilities
Spotify,Utilities
Canva expense,Utilities
water bill,Utilities
mobile load,Utilities
electricity bill,Utilities
mobile load at Davao Light,Utilities
wifi at Netflix,Utilities
PLDT expense,Utilities
Netflix,Utilities
water bill,Utilities
paid Canva fiber plan,Utilities
Spotify,Utilities
bought water bill from Smart,Utilities
bought electricity bill from Meralco,Utilities
Canva today,Utilities
fiber plan,Utilities
Davao Light,Utilities
bought kuryente from Davao Light,Utilities
mobile load in davao,Utilities
wifi,Utilities
monthly Meralco payment,Utilities
bought wifi from Globe,Utilities
subscription at Smart,Utilities
Davao Light,Utilities
fiber plan at Converge,Utilities
fiber plan at Davao Light,Utilities
water bill in davao,Utilities
kuryente,Utilities
monthly Canva payment,Utilities
internet bill,Utilities
bought subscription from Globe,Utilities
Davao Light today,Utilities
Meralco,Utilities
monthly PLDT payment,Utilities
wifi,Utilities
Globe today,Utilities
Canva wifi,Utilities
bought electricity bill from Netflix,Utilities
Canva,Utilities
bought wifi from Smart,Utilities
subscription in davao,Utilities
paid Smart electricity bill,Utilities
water bill at Spotify,Utilities
bought water bill from Converge,Utilities
water bill at Spotify,Utilities
Spotify water bill,Utilities
Meralco expense,Utilities
paid Davao Light subscription,Utilities
electricity bill at Netflix,Utilities
paid Converge internet bill,Utilities
bought subscription from Smart,Utilities
monthly Spotify payment,Utilities
PLDT expense,Utilities
subscription at Canva,Utilities
paid Globe wifi,Utilities
Meralco expense,Utilities
monthly Spotify payment,Utilities
Globe,Utilities
Netflix expense,Utilities
Spotify expense,Utilities
Globe expense,Utilities
monthly Meralco payment,Utilities
Davao Light today,Utilities
bought mobile load from Davao Light,Utilities
Canva,Utilities
Canva today,Utilities
bought internet bill from Smart,Utilities
bought electricity bill from Netflix,Utilities
electricity bill in davao,Utilities
paid Davao Light wifi,Utilities
Converge expense,Utilities
Canva today,Utilities
fiber plan in davao,Utilities
fiber plan in davao,Utilities
fiber plan in davao,Utilities
Netflix today,Utilities
mobile load at Globe,Utilities
Converge today,Utilities
paid Converge fiber plan,Utilities
Spotify water bill,Utilities
bought wifi from Meralco,Utilities
Meralco expense,Utilities
Netflix today,Utilities
subscription at Converge,Utilities
bought subscription from Spotify,Utilities
bought water bill from Converge,Utilities
Meralco,Utilities
monthly PLDT payment,Utilities
Davao Light today,Utilities
Netflix internet bill,Utilities
monthly Converge payment,Utilities
subscription,Utilities
paid Meralco wifi,Utilities
Meralco expense,Utilities
Netflix today,Utilities
Globe mobile load,Utilities
monthly Globe payment,Utilities
monthly Netflix payment,Utilities
electricity bill,Utilities
Canva today,Utilities
bought electricity bill from PLDT,Utilities
paid Converge fiber plan,Utilities
Globe,Utilities
water bill in davao,Utilities
Canva today,Utilities
Netflix,Utilities
electricity bill at Converge,Utilities
wifi,Utilities
bought internet bill from Converge,Utilities
kuryente,Utilities
Netflix expense,Utilities
Netflix expense,Utilities
subscription at Converge,Utilities
mobile load at Spotify,Utilities
wifi in davao,Utilities
Spotify,Utilities
kuryente at Spotify,Utilities
fiber plan in davao,Utilities
internet bill in davao,Utilities
paid Converge wifi,Utilities
monthly Meralco payment,Utilities
mobile load at Smart,Utilities
fiber plan at PLDT,Utilities
paid Davao Light internet bill,Utilities
monthly PLDT payment,Utilities
PLDT expense,Utilities
monthly Globe payment,Utilities
wifi,Utilities
wifi,Utilities
fiber plan at Smart,Utilities
wifi in davao,Utilities
Canva mobile load,Utilities
paid Netflix subscription,Utilities
Globe expense,Utilities
Globe today,Utilities
bought water bill from Globe,Utilities
Smart water bill,Utilities
bought electricity bill from Spotify,Utilities
monthly Canva payment,Utilities
Canva,Utilities
Davao Light,Utilities
Canva,Utilities
Meralco,Utilities
Smart expense,Utilities
Meralco,Utilities
mobile load,Utilities
bought mobile load from Globe,Utilities
kuryente at Netflix,Utilities
monthly Converge payment,Utilities
paid Converge wifi,Utilities
paid PLDT mobile load,Utilities
PLDT today,Utilities
Spotify expense,Utilities
electricity bill at Netflix,Utilities
monthly Smart payment,Utilities
water bill in davao,Utilities
paid Spotify internet bill,Utilities
monthly Canva payment,Utilities
monthly Netflix payment,Utilities
paid Spotify subscription,Utilities
electricity bill at Meralco,Utilities
mobile load at Smart,Utilities
subscription,Utilities
monthly Netflix payment,Utilities
Netflix wifi,Utilities
Smart today,Utilities
Globe today,Utilities
subscription in davao,Utilities
Smart electricity bill,Utilities
Spotify today,Utilities
electricity bill in davao,Utilities
PLDT today,Utilities
monthly PLDT payment,Utilities
water bill in davao,Utilities
Spotify expense,Utilities
Smart today,Utilities
PLDT,Utilities
Smart today,Utilities
bought water bill from Smart,Utilities
kuryente at Globe,Utilities
internet bill in davao,Utilities
internet bill,Utilities
paid Smart water bill,Utilities
Netflix,Utilities
kuryente in davao,Utilities
Davao Light,Utilities
Globe expense,Utilities
bought mobile load from Globe,Utilities
Smart expense,Utilities
Meralco,Utilities
Canva mobile load,Utilities
Canva today,Utilities
wifi at Meralco,Utilities
Netflix,Utilities
subscription,Utilities
Converge water bill,Utilities
paid Smart subscription,Utilities
paid Davao Light water bill,Utilities
subscription at Canva,Utilities
Meralco expense,Utilities
kuryente in davao,Utilities
wifi at Globe,Utilities
Davao Light today,Utilities
water bill at Meralco,Utilities
wifi,Utilities
paid Canva electricity bill,Utilities
Netflix electricity bill,Utilities
paid Converge wifi,Utilities
water bill,Utilities
Meralco today,Utilities
subscription at Spotify,Utilities
kuryente at Globe,Utilities
Meralco today,Utilities
monthly Smart payment,Utilities
Smart expense,Utilities
kuryente,Utilities
Netflix today,Utilities
Meralco expense,Utilities
Meralco today,Utilities
subscription at Davao Light,Utilities
fiber plan,Utilities
Davao Light water bill,Utilities
paid Smart water bill,Utilities
paid PLDT water bill,Utilities
monthly Netflix payment,Utilities
Smart expense,Utilities
Converge today,Utilities
paid Smart water bill,Utilities
kuryente at Globe,Utilities
Converge expense,Utilities
Canva expense,Utilities
Davao Light subscription,Utilities
monthly Converge payment,Utilities
electricity bill,Utilities
Spotify expense,Utilities
Globe,Utilities
Spotify expense,Utilities
Meralco expense,Utilities
bought mobile load from PLDT,Utilities
internet bill at Davao Light,Utilities
PLDT expense,Utilities
monthly Meralco payment,Utilities
Canva today,Utilities
internet bill,Utilities
monthly Globe payment,Utilities
fiber plan at Spotify,Utilities
internet bill at Meralco,Utilities
kuryente at Globe,Utilities
electricity bill at Spotify,Utilities
bought fiber plan from Meralco,Utilities
Globe internet bill,Utilities
bought internet bill from PLDT,Utilities
Spotify expense,Utilities
Netflix expense,Utilities
Netflix mobile load,Utilities
monthly Davao Light payment,Utilities
Converge today,Utilities
Meralco,Utilities
subscription,Utilities
PLDT today,Utilities
Spotify fiber plan,Utilities
kuryente,Utilities
Netflix today,Utilities
mobile load in davao,Utilities
bought electricity bill from Meralco,Utilities
Canva mobile load,Utilities
mobile load,Utilities
Netflix electricity bill,Utilities
water bill,Utilities
Converge today,Utilities
Canva expense,Utilities
Netflix internet bill,Utilities
kuryente at Davao Light,Utilities
electricity bill,Utilities
Canva expense,Utilities
Spotify expense,Utilities
subscription at Canva,Utilities
Davao Light today,Utilities
bought wifi from Netflix,Utilities
fiber plan in davao,Utilities
Spotify expense,Utilities
Netflix kuryente,Utilities
paid Globe fiber plan,Utilities
PLDT subscription,Utilities
electricity bill in davao,Utilities
Smart,Utilities
Canva kuryente,Utilities
bought fiber plan from PLDT,Utilities
Davao Light mobile load,Utilities
paid PLDT wifi,Utilities
Davao Light expense,Utilities
fiber plan at Converge,Utilities
Globe expense,Utilities
bought internet bill from Meralco,Utilities
water bill in davao,Utilities
bought kuryente from PLDT,Utilities
bought fiber plan from Converge,Utilities
fiber plan in davao,Utilities
Davao Light today,Utilities
Netflix today,Utilities
bought mobile load from Davao Light,Utilities
fiber plan at Globe,Utilities
Canva today,Utilities
kuryente,Utilities
Meralco,Utilities
subscription,Utilities
Spotify expense,Utilities
Smart,Utilities
kuryente at Canva,Utilities
internet bill at Converge,Utilities
bought water bill from Davao Light,Utilities
wifi,Utilities
Smart expense,Utilities
internet bill at Spotify,Utilities
bought fiber plan from Globe,Utilities
internet bill,Utilities
mobile load at Converge,Utilities
kuryente,Utilities
monthly Meralco payment,Utilities
Smart today,Utilities
Meralco expense,Utilities
Canva water bill,Utilities
Converge expense,Utilities
bought electricity bill from Smart,Utilities
bought internet bill from Spotify,Utilities
PLDT expense,Utilities
electricity bill at Smart,Utilities
fiber plan in davao,Utilities
Davao Light expense,Utilities
subscription at Davao Light,Utilities
Meralco mobile load,Utilities
paid Smart subscription,Utilities
Canva wifi,Utilities
Smart fiber plan,Utilities
fiber plan,Utilities
Smart today,Utilities
Smart expense,Utilities
bought electricity bill from Davao Light,Utilities
Spotify mobile load,Utilities
Netflix today,Utilities
paid Spotify subscription,Utilities
monthly Davao Light payment,Utilities
Netflix today,Utilities
bought kuryente from Spotify,Utilities
subscription at Davao Light,Utilities
bought wifi from Meralco,Utilities
Netflix,Utilities
Converge today,Utilities
monthly Spotify payment,Utilities
monthly Globe payment,Utilities
water bill in davao,Utilities
kuryente at Converge,Utilities
Smart,Utilities
Spotify expense,Utilities
bought wifi from PLDT,Utilities
Smart,Utilities
Davao Light expense,Utilities
paid Converge water bill,Utilities
Meralco today,Utilities
PLDT water bill,Utilities
mobile load,Utilities
internet bill at PLDT,Utilities
Davao Light expense,Utilities
Canva wifi,Utilities
Spotify expense,Utilities
Converge today,Utilities
monthly Spotify payment,Utilities
paid Globe wifi,Utilities
fiber plan in davao,Utilities
electricity bill at PLDT,Utilities
kuryente at Spotify,Utilities
internet bill,Utilities
Converge expense,Utilities
Meralco,Utilities
subscription in davao,Utilities
Canva today,Utilities
monthly Spotify payment,Utilities
Globe,Utilities
Smart,Utilities
bought wifi from Meralco,Utilities
Converge,Utilities
Meralco expense,Utilities
kuryente at Converge,Utilities
Converge internet bill,Utilities
internet bill,Utilities
electricity bill at Netflix,Utilities
Globe expense,Utilities
Converge,Utilities
Globe today,Utilities
Davao Light,Utilities
PLDT,Utilities
kuryente at Globe,Utilities
Converge subscription,Utilities
Davao Light today,Utilities
PLDT fiber plan,Utilities
water bill,Utilities
fiber plan at Globe,Utilities
Netflix fiber plan,Utilities
water bill at Smart,Utilities
Netflix expense,Utilities
wifi in davao,Utilities
kuryente at Meralco,Utilities
Netflix,Utilities
Meralco,Utilities
PLDT expense,Utilities
Spotify subscription,Utilities
Converge expense,Utilities
subscription in davao,Utilities
Globe,Utilities
Netflix expense,Utilities
Davao Light,Utilities
Netflix,Utilities
bought water bill from Smart,Utilities
subscription in davao,Utilities
electricity bill in davao,Utilities
Spotify expense,Utilities
Netflix expense,Utilities
Converge today,Utilities
fiber plan in davao,Utilities
kuryente,Utilities
Spotify kuryente,Utilities
bought electricity bill from Globe,Utilities
PLDT today,Utilities
fiber plan in davao,Utilities
monthly Meralco payment,Utilities
monthly Netflix payment,Utilities
bought water bill from Meralco,Utilities
Smart today,Utilities
Netflix,Utilities
Spotify expense,Utilities
Smart wifi,Utilities
monthly Canva payment,Utilities
bought kuryente from Spotify,Utilities
bought fiber plan from Converge,Utilities
paid Spotify electricity bill,Utilities
Netflix electricity bill,Utilities
Canva water bill,Utilities
monthly Spotify payment,Utilities
mobile load in davao,Utilities
Converge electricity bill,Utilities
monthly Smart payment,Utilities
monthly Smart payment,Utilities
water bill,Utilities
fiber plan at Davao Light,Utilities
bought electricity bill from Davao Light,Utilities
paid Meralco wifi,Utilities
paid Netflix kuryente,Utilities
fiber plan at Globe,Utilities
wifi,Utilities
internet bill at Smart,Utilities
subscription at Davao Light,Utilities
Globe,Utilities
electricity bill in davao,Utilities
electricity bill,Utilities
monthly Davao Light payment,Utilities
Spotify today,Utilities
monthly Netflix payment,Utilities
monthly Davao Light payment,Utilities
bought internet bill from Meralco,Utilities
internet bill at Spotify,Utilities
paid Converge water bill,Utilities
Netflix fiber plan,Utilities
Canva today,Utilities
wifi,Utilities
Spotify expense,Utilities
fiber plan,Utilities
kuryente at Meralco,Utilities
monthly Netflix payment,Utilities
paid Davao Light water bill,Utilities
Converge kuryente,Utilities
paid Meralco electricity bill,Utilities
bought electricity bill from Globe,Utilities
Meralco,Utilities
paid Converge subscription,Utilities
Canva expense,Utilities
Meralco today,Utilities
kuryente,Utilities
Globe today,Utilities
Globe mobile load,Utilities
Davao Light water bill,Utilities
electricity bill in davao,Utilities
Converge today,Utilities
bought water bill from Netflix,Utilities
fiber plan at Netflix,Utilities
paid Globe electricity bill,Utilities
Canva expense,Utilities
wifi,Utilities
monthly Netflix payment,Utilities
paid Smart electricity bill,Utilities
subscription,Utilities
subscription,Utilities
subscription in davao,Utilities
Converge mobile load,Utilities
bought wifi from Davao Light,Utilities
bought kuryente from Converge,Utilities
bought water bill from Globe,Utilities
Globe electricity bill,Utilities
Globe kuryente,Utilities
paid Converge wifi,Utilities
kuryente,Utilities
bought kuryente from Spotify,Utilities
Spotify,Utilities
monthly Smart payment,Utilities
paid Netflix water bill,Utilities
mobile load at Converge,Utilities
Canva subscription,Utilities
monthly Canva payment,Utilities
monthly Globe payment,Utilities
Meralco,Utilities
Netflix,Utilities
monthly Canva payment,Utilities
monthly Globe payment,Utilities
bought wifi from Globe,Utilities
PLDT expense,Utilities
Netflix expense,Utilities
wifi in davao,Utilities
paid PLDT mobile load,Utilities
mobile load,Utilities
Davao Light today,Utilities
paid PLDT mobile load,Utilities
bought subscription from Meralco,Utilities
monthly Spotify payment,Utilities
monthly Canva payment,Utilities
Netflix expense,Utilities
internet bill in davao,Utilities
paid PLDT subscription,Utilities
Davao Light expense,Utilities
bought fiber plan from Meralco,Utilities
Smart subscription,Utilities
water bill at Meralco,Utilities
Meralco,Utilities
paid Davao Light electricity bill,Utilities
mobile load at Meralco,Utilities
PLDT,Utilities
fiber plan,Utilities
kuryente,Utilities
monthly Meralco payment,Utilities
mobile load at Spotify,Utilities
mobile load in davao,Utilities
fiber plan in davao,Utilities
electricity bill,Utilities
mobile load at Smart,Utilities
monthly Davao Light payment,Utilities
monthly Netflix payment,Utilities
Converge expense,Utilities
electricity bill,Utilities
Davao Light subscription,Utilities
Globe expense,Utilities
mobile load at PLDT,Utilities
bought wifi from Netflix,Utilities
Canva today,Utilities
bought internet bill from PLDT,Utilities
electricity bill in davao,Utilities
Meralco kuryente,Utilities
monthly PLDT payment,Utilities
Davao Light,Utilities
monthly PLDT payment,Utilities
mobile load in davao,Utilities
Canva expense,Utilities
Spotify expense,Utilities
water bill in davao,Utilities
monthly Meralco payment,Utilities
mobile load,Utilities
bought kuryente from Davao Light,Utilities
Netflix,Utilities
Smart kuryente,Utilities
monthly Davao Light payment,Utilities
mobile load in davao,Utilities
Converge today,Utilities
bought electricity bill from Spotify,Utilities
internet bill,Utilities
kuryente at Davao Light,Utilities
mobile load at Smart,Utilities
Canva,Utilities
Netflix,Utilities
bought mobile load from Meralco,Utilities
paid Netflix water bill,Utilities
subscription in davao,Utilities
monthly Converge payment,Utilities
paid Globe electricity bill,Utilities
Smart expense,Utilities
Spotify today,Utilities
PLDT,Utilities
bought electricity bill from Converge,Utilities
bought water bill from Davao Light,Utilities
Spotify,Utilities
Meralco fiber plan,Utilities
bought water bill from Converge,Utilities
Netflix mobile load,Utilities
Converge today,Utilities
Smart today,Utilities
Spotify,Utilities
paid Netflix wifi,Utilities
electricity bill,Utilities
fiber plan at Smart,Utilities
subscription in davao,Utilities
PLDT expense,Utilities
wifi in davao,Utilities
Spotify today,Utilities
fiber plan in davao,Utilities
electricity bill at Spotify,Utilities
wifi,Utilities
bought water bill from Netflix,Utilities
paid Converge wifi,Utilities
paid Smart internet bill,Utilities
Converge kuryente,Utilities
Davao Light subscription,Utilities
Meralco today,Utilities
Meralco today,Utilities
bought mobile load from PLDT,Utilities
Converge today,Utilities
Converge expense,Utilities
internet bill in davao,Utilities
wifi,Utilities
Meralco today,Utilities
bought kuryente from Converge,Utilities
Converge wifi,Utilities
subscription at Netflix,Utilities
subscription at PLDT,Utilities
wifi at Davao Light,Utilities
Meralco mobile load,Utilities
Meralco wifi,Utilities
paid Davao Light kuryente,Utilities
Globe electricity bill,Utilities
Meralco electricity bill,Utilities
Converge,Utilities
water bill at Spotify,Utilities
bought internet bill from Davao Light,Utilities
Converge,Utilities
paid Netflix mobile load,Utilities
monthly Davao Light payment,Utilities
bought internet bill from Canva,Utilities
Meralco expense,Utilities
paid Canva mobile load,Utilities
wifi at Spotify,Utilities
monthly Davao Light payment,Utilities
paid Davao Light electricity bill,Utilities
kuryente at Meralco,Utilities
monthly Spotify payment,Utilities
fiber plan,Utilities
Spotify,Utilities
Canva expense,Utilities
Converge,Utilities
kuryente in davao,Utilities
water bill in davao,Utilities
internet bill,Utilities
fiber plan at Converge,Utilities
bought internet bill from Meralco,Utilities
Canva today,Utilities
fiber plan at Davao Light,Utilities
subscription in davao,Utilities
Smart today,Utilities
PLDT,Utilities
mobile load at Spotify,Utilities
paid Davao Light wifi,Utilities
monthly Smart payment,Utilities
bought wifi from Converge,Utilities
wifi,Utilities
monthly Converge payment,Utilities
internet bill at Canva,Utilities
paid Canva fiber plan,Utilities
fiber plan at Spotify,Utilities
Spotify,Utilities
Davao Light today,Utilities
PLDT expense,Utilities
Meralco expense,Utilities
paid Globe fiber plan,Utilities
electricity bill in davao,Utilities
Canva fiber plan,Utilities
mobile load,Utilities
bought electricity bill from Meralco,Utilities
subscription,Utilities
bought wifi from Spotify,Utilities
wifi at Canva,Utilities
Netflix expense,Utilities
paid Smart wifi,Utilities
Converge today,Utilities
paid Spotify fiber plan,Utilities
Netflix expense,Utilities
Canva internet bill,Utilities
Meralco,Utilities
Smart,Utilities
Spotify kuryente,Utilities
water bill in davao,Utilities
Canva expense,Utilities
electricity bill in davao,Utilities
monthly Spotify payment,Utilities
monthly PLDT payment,Utilities
internet bill in davao,Utilities
bought water bill from Davao Light,Utilities
monthly PLDT payment,Utilities
Smart,Utilities
Spotify today,Utilities
wifi,Utilities
paid Smart mobile load,Utilities
monthly Smart payment,Utilities
internet bill in davao,Utilities
wifi,Utilities
bought water bill from Converge,Utilities
Smart expense,Utilities
Smart,Utilities
subscription in davao,Utilities
paid Meralco subscription,Utilities
water bill,Utilities
bought water bill from Meralco,Utilities
Davao Light subscription,Utilities
bought wifi from Davao Light,Utilities
kuryente in davao,Utilities
Meralco water bill,Utilities
wifi in davao,Utilities
monthly Smart payment,Utilities
monthly Converge payment,Utilities
Meralco today,Utilities
Smart water bill,Utilities
monthly Davao Light payment,Utilities
internet bill at Netflix,Utilities
mobile load at Canva,Utilities
water bill in davao,Utilities
Globe internet bill,Utilities
Smart,Utilities
Spotify today,Utilities
bought subscription from Converge,Utilities
monthly Spotify payment,Utilities
fiber plan at Meralco,Utilities
bought water bill from Davao Light,Utilities
Canva expense,Utilities
mobile load,Utilities
paid Davao Light wifi,Utilities
PLDT expense,Utilities
Smart expense,Utilities
Davao Light expense,Utilities
Spotify,Utilities
subscription at Davao Light,Utilities
subscription in davao,Utilities
Meralco fiber plan,Utilities
Canva kuryente,Utilities
Smart expense,Utilities
Canva,Utilities
bought internet bill from Meralco,Utilities
bought internet bill from Converge,Utilities
Canva expense,Utilities
Smart,Utilities
mobile load,Utilities
monthly Netflix payment,Utilities
Netflix wifi,Utilities
paid Globe wifi,Utilities
paid Smart electricity bill,Utilities
Globe fiber plan,Utilities
kuryente,Utilities
electricity bill in davao,Utilities
Netflix,Utilities
PLDT,Utilities
subscription at Canva,Utilities
Meralco,Utilities
Globe,Utilities
Meralco expense,Utilities
paid Globe water bill,Utilities
bought internet bill from Canva,Utilities
internet bill in davao,Utilities
bought electricity bill from Netflix,Utilities
Spotify today,Utilities
monthly Canva payment,Utilities
Davao Light,Utilities
Netflix kuryente,Utilities
bought subscription from PLDT,Utilities
PLDT today,Utilities
paid Canva internet bill,Utilities
bought wifi from Meralco,Utilities
paid Smart fiber plan,Utilities
subscription at Smart,Utilities
wifi,Utilities
PLDT today,Utilities
kuryente in davao,Utilities
subscription in davao,Utilities
Smart today,Utilities
Davao Light,Utilities
Spotify water bill,Utilities
Davao Light today,Utilities
monthly Netflix payment,Utilities
mobile load at Globe,Utilities
paid Davao Light fiber plan,Utilities
mobile load at Smart,Utilities
paid Smart water bill,Utilities
wifi in davao,Utilities
bought fiber plan from Spotify,Utilities
Netflix today,Utilities
PLDT fiber plan,Utilities
Meralco today,Utilities
kuryente in davao,Utilities
subscription,Utilities
Converge,Utilities
mobile load in davao,Utilities
kuryente at Globe,Utilities
paid Globe fiber plan,Utilities
paid Spotify wifi,Utilities
Spotify fiber plan,Utilities
paid Netflix kuryente,Utilities
Spotify kuryente,Utilities
paid Netflix internet bill,Utilities
Globe,Utilities
Davao Light water bill,Utilities
bought subscription from Meralco,Utilities
bought wifi from Davao Light,Utilities
Spotify expense,Utilities
Netflix water bill,Utilities
Canva today,Utilities
fiber plan,Utilities
Globe expense,Utilities
monthly Davao Light payment,Utilities
Meralco expense,Utilities
bought electricity bill from Converge,Utilities
PLDT today,Utilities
water bill at Spotify,Utilities
fiber plan at Smart,Utilities
electricity bill in davao,Utilities
mobile load in davao,Utilities
electricity bill in davao,Utilities
Converge expense,Utilities
Globe today,Utilities
mobile load in davao,Utilities
Converge today,Utilities
Smart,Utilities
Smart today,Utilities
paid Globe mobile load,Utilities
kuryente at Globe,Utilities
bought fiber plan from Netflix,Utilities
kuryente,Utilities
Davao Light today,Utilities
paid PLDT fiber plan,Utilities
paid Smart wifi,Utilities
bought water bill from Spotify,Utilities
wifi,Utilities
Spotify,Utilities
monthly Converge payment,Utilities
fiber plan,Utilities
Converge today,Utilities
bought subscription from Smart,Utilities
internet bill in davao,Utilities
water bill at Spotify,Utilities
Converge today,Utilities
bought wifi from Spotify,Utilities
Davao Light expense,Utilities
bought internet bill from Globe,Utilities
subscription,Utilities
internet bill,Utilities
paid Converge subscription,Utilities
internet bill in davao,Utilities
monthly Canva payment,Utilities
monthly Canva payment,Utilities
monthly Globe payment,Utilities
Smart,Utilities
Canva mobile load,Utilities
fiber plan at Smart,Utilities
kuryente at Meralco,Utilities
bought kuryente from Smart,Utilities
Meralco,Utilities
paid Spotify wifi,Utilities
wifi,Utilities
monthly PLDT payment,Utilities
monthly Smart payment,Utilities
bought water bill from Globe,Utilities
Davao Light expense,Utilities
water bill in davao,Utilities
Smart expense,Utilities
wifi at Meralco,Utilities
Globe today,Utilities
Spotify kuryente,Utilities
paid Smart internet bill,Utilities
Canva expense,Utilities
Canva expense,Utilities
paid Globe wifi,Utilities
paid PLDT fiber plan,Utilities
Canva subscription,Utilities
Globe expense,Utilities
bought subscription from Netflix,Utilities
monthly Davao Light payment,Utilities
wifi in davao,Utilities
wifi at Canva,Utilities
Davao Light,Utilities
PLDT today,Utilities
electricity bill in davao,Utilities
monthly Globe payment,Utilities
Davao Light today,Utilities
Davao Light electricity bill,Utilities
paid Globe water bill,Utilities
Spotify expense,Utilities
Davao Light today,Utilities
water bill at Globe,Utilities
paid Canva internet bill,Utilities
monthly Canva payment,Utilities
internet bill in davao,Utilities
Globe mobile load,Utilities
subscription at Spotify,Utilities
electricity bill at Spotify,Utilities
bought internet bill from Globe,Utilities
Netflix,Utilities
Meralco,Utilities
water bill,Utilities
bought subscription from Spotify,Utilities
paid Globe wifi,Utilities
mobile load,Utilities
water bill in davao,Utilities
Davao Light today,Utilities
paid Meralco mobile load,Utilities
bought internet bill from Canva,Utilities
Meralco,Utilities
monthly Spotify payment,Utilities
Netflix,Utilities
Spotify today,Utilities
water bill,Utilities
subscription at Netflix,Utilities
Smart electricity bill,Utilities
Meralco expense,Utilities
monthly PLDT payment,Utilities
wifi in davao,Utilities
Davao Light today,Utilities
bought mobile load from Spotify,Utilities
paid Spotify wifi,Utilities
paid Globe wifi,Utilities
wifi,Utilities
monthly Meralco payment,Utilities
water bill at Netflix,Utilities
Spotify expense,Utilities
mobile load at Converge,Utilities
monthly Netflix payment,Utilities
Globe subscription,Utilities
internet bill,Utilities
Spotify expense,Utilities
bought wifi from Spotify,Utilities
Converge,Utilities
monthly Smart payment,Utilities
Meralco expense,Utilities
Davao Light,Utilities
fiber plan in davao,Utilities
electricity bill at Canva,Utilities
PLDT,Utilities
mobile load,Utilities
Spotify today,Utilities
monthly Smart payment,Utilities
Netflix today,Utilities
Converge today,Utilities
paid Globe electricity bill,Utilities
water bill at Canva,Utilities
Meralco,Utilities
water bill,Utilities
Canva,Utilities
fiber plan at Converge,Utilities
Globe expense,Utilities
paid PLDT wifi,Utilities
Spotify fiber plan,Utilities
monthly PLDT payment,Utilities
monthly Smart payment,Utilities
monthly PLDT payment,Utilities
Converge expense,Utilities
monthly Canva payment,Utilities
bought wifi from Canva,Utilities
fiber plan in davao,Utilities
Smart today,Utilities
monthly Spotify payment,Utilities
Netflix today,Utilities
kuryente,Utilities
Spotify,Utilities
monthly Canva payment,Utilities
mobile load in davao,Utilities
fiber plan in davao,Utilities
Converge today,Utilities
Globe today,Utilities
Spotify expense,Utilities
Canva expense,Utilities
bought kuryente from Smart,Utilities
PLDT internet bill,Utilities
Meralco internet bill,Utilities
Smart expense,Utilities
Smart,Utilities
Meralco today,Utilities
Netflix,Utilities
internet bill at PLDT,Utilities
monthly Spotify payment,Utilities
Netflix,Utilities
wifi,Utilities
paid Davao Light wifi,Utilities
Converge expense,Utilities
Converge mobile load,Utilities
Canva wifi,Utilities
monthly Globe payment,Utilities
PLDT expense,Utilities
Netflix today,Utilities
PLDT,Utilities
Converge mobile load,Utilities
water bill at Globe,Utilities
paid Converge wifi,Utilities
paid PLDT wifi,Utilities
bought wifi from PLDT,Utilities
Spotify,Utilities
wifi in davao,Utilities
Converge today,Utilities
wifi,Utilities
bought water bill from Meralco,Utilities
internet bill,Utilities
subscription in davao,Utilities
monthly Meralco payment,Utilities
paid Davao Light mobile load,Utilities
Globe today,Utilities
bought subscription from Canva,Utilities
Smart today,Utilities
monthly Davao Light payment,Utilities
Canva today,Utilities
Smart today,Utilities
Canva,Utilities
monthly Meralco payment,Utilities
electricity bill at Davao Light,Utilities
PLDT expense,Utilities
Meralco electricity bill,Utilities
internet bill,Utilities
Meralco expense,Utilities
fiber plan at Davao Light,Utilities
water bill in davao,Utilities
paid Netflix water bill,Utilities
PLDT today,Utilities
fiber plan,Utilities
Globe today,Utilities
fiber plan,Utilities
PLDT expense,Utilities
Globe,Utilities
monthly Davao Light payment,Utilities
PLDT today,Utilities
electricity bill,Utilities
monthly Spotify payment,Utilities
Converge expense,Utilities
Spotify electricity bill,Utilities
electricity bill at Globe,Utilities
Netflix,Utilities
monthly Meralco payment,Utilities
paid Spotify water bill,Utilities
internet bill,Utilities
Davao Light kuryente,Utilities
bought electricity bill from Spotify,Utilities
Canva electricity bill,Utilities
PLDT today,Utilities
bought mobile load from Converge,Utilities
Davao Light today,Utilities
paid Netflix water bill,Utilities
monthly Spotify payment,Utilities
fiber plan in davao,Utilities
monthly Smart payment,Utilities
Davao Light today,Utilities
bought kuryente from Converge,Utilities
paid Converge internet bill,Utilities
monthly Meralco payment,Utilities
water bill in davao,Utilities
Spotify,Utilities
monthly Davao Light payment,Utilities
Spotify,Utilities
Globe mobile load,Utilities
wifi in davao,Utilities
internet bill in davao,Utilities
paid PLDT kuryente,Utilities
internet bill at Smart,Utilities
Spotify subscription,Utilities
subscription in davao,Utilities
Meralco,Utilities
Netflix expense,Utilities
Converge,Utilities
monthly PLDT payment,Utilities
